Workbook

Sheet Datos_Originales
A1: Fecha de venta | B1: Ciudad | C1: Producto | D1: Precio unitario | E1: Cantidad | F1: Monto total | G1: Cliente | H1: Email | I1: ID de orden
A2: 45566 | B2: monterrey | C2: Tablet-Estándar-8GB | D2: 1339.17 | E2: 2 | F2: 2678.34 | G2: Rebeca Salvador Gamez García | H2: qcovarrubias@hotmail.com | I2: 53a9e98d-d57a-488e-bcec-701bc4e1ec3e
A3: 45566 | B3: bogotá | C3: Auriculares-Con cable-32GB | D3: 716.29 | E3: 1 | F3: 716.29 | G3: Evelio Ramiro Arce | H3: gaytansergio@navarro.info | I3: 10c739f0-f7fb-4c8e-a239-ed1f5c295465
A4: 45568 | B4: monterrey | C4: Auriculares-Con cable-32GB | D4: 439.01 | E4: 5 | F4: 2195.05 | G4: Sandra Baez | H4: maria-teresamanzanares@jaquez.com | I4: d7c9e19e-1228-4326-8b2a-cde42e222a67
A5: 45568 | B5: bogotá | C5: Tablet-Estándar-16GB | D5: 741.79 | E5: 2 | F5: 1483.58 | G5: Uriel Helena Caldera | H5: pizarrojaqueline@acuna-moreno.com | I5: 91de2837-a873-4607-8185-7fa6844d2be8
A6: 45568 | B6: bogotá | C6: Tablet-Estándar-8GB | D6: 984.34 | E6: 3 | F6: 2953.02 | G6: Wendolin Jeronimo Farías | H6: yterrazas@hotmail.com | I6: 4cfd7c38-6607-4b36-ab60-fb259d4e18b4
A7: 45568 | B7: Ciudad de Mexico | C7: Teléfono-Gama alta-32GB | D7: 2419.81 | E7: 5 | F7: 12099.05 | G7: Esteban Ureña | H7: gvazquez@burgos.com | I7: a4da2665-dfb9-46f3-b658-cc5d0505dd86
A8: 45568 | B8: Medellín | C8: Tablet-Pro-4GB | D8: 145.9 | E8: 5 | F8: 729.5 | G8: Aida Ojeda Galindo | H8: concepcion88@hotmail.com | I8: 8d23f99e-11a9-4194-979d-e2f334eec6fa
A9: 45569 | B9: Ciudad de Mexico | C9: Auriculares-Con cable-8GB | D9: 1086.48 | E9: 1 | F9: 1086.48 | G9: Cristal Luis Manuel Sanchez | H9: rocioescalante@hotmail.com | I9: a895a20b-523d-4f9e-a3e5-039259362c4f
A10: 45570 | B10: monterrey | C10: Auriculares-Con cable-8GB | D10: 1898.32 | E10: 4 | F10: 7593.28 | G10: Daniela Padron | H10: dromero@industrias.info | I10: 14722e2a-7971-43ee-ac45-587157e6f198
A11: 45571 | B11: monterrey | C11: Tablet-Estándar-8GB | D11: 1280.61 | E11: 5 | F11: 6403.05 | G11: Lic. Elena Zepeda | H11: emiliovillegas@diaz-ulibarri.net | I11: 7424e9fb-eb47-4eb6-b0ee-330eb470b214
A12: 45571 | B12: Medellín | C12: Tablet-Estándar-32GB | D12: 1753 | E12: 5 | F12: 8765 | G12: Cristal Rincon | H12: maria-teresaibarra@yahoo.com | I12: a4b8a935-59ba-43d2-9d68-660ee91a5acd
A13: 45572 | B13: Ciudad de Mexico | C13: Laptop-Oficina-8GB | D13: 370.25 | E13: 4 | F13: 1481 | G13: Francisca Lucas Jaimes Zavala | H13: baezjonas@proyectos.org | I13: 9c8710a3-d9ef-4a00-9c0b-7c93d5fb8f63
... A48: 45578 | B48: Guadalajara | C48: Auriculares-Cancelaci√≥n de ruido-16GB | D48: 284.79 | E48: 5 | F48: 1423.95 | G48: Alta Gracia Alicia Guzman | H48: rosasgabriela@gmail.com | I48: 88268205-0f39-4e9a-9353-1a9ee68c009c
A49: 45578 | B49: monterrey | C49: Laptop-Ultraliviana-16GB | E49: 3 | F49: 1086.51 | G49: Rodrigo Vanegas Serna | H49: vicentezelaya@valdez.com | I49: 426433ea-0410-4d24-b435-247c7b633415
A50: 45578 | B50: Guadalajara | C50: Laptop-Oficina-8GB | D50: 1274.8 | E50: 5 | F50: 6374 | G50: Luis Camila Guardado | H50: deborallamas@hotmail.com | I50: dca19bf4-3f5f-484c-bfdb-75c9ded28858
A51: 45578 | B51: Guadalajara | C51: Tablet-Pro-4GB | D51: 233.85 | E51: 4 | F51: 935.4 | G51: Mtro. Rafaél Najera | H51: fernando51@yahoo.com | I51: 7594ffab-c88c-40b4-b851-6897e6230fb0
A52: 45578 | B52: Ciudad de Mexico | C52: Auriculares-Con cable-32GB | D52: 142.14 | E52: 3 | F52: 426.42 | G52: Clemente Lucas de la Crúz Florez | H52: miriam03@laboratorios.com | I52: 306238f0-70d8-49c3-bc3f-5c9df03698bf
A53: 45578 | B53: Medellín | C53: Teléfono-Gama alta-8GB | D53: 226.52 | E53: 2 | F53: 453.04 | G53: Ing. Cecilia Gurule | H53: pulidoindira@industrias.org | I53: 13857721-e31a-444e-a2c2-774566eb5f26
A54: 45578 | B54: Ciudad de Mexico | C54: Tablet-Mini-32GB | D54: 1922.79 | E54: 3 | F54: 5768.37 | G54: Elias Juan Carlos Estévez Cepeda | H54: virginiameraz@yahoo.com | I54: a2d32009-f750-4260-8311-8300bd425ff8
A55: 45578 | B55: bogotá | C55: Tablet-Pro-8GB | E55: 2 | F55: 4429.96 | G55: Alta Gracia Marrero Ocasio | H55: leonardorosas@laboratorios.com | I55: fad038ce-1b32-4c25-85bc-38c2262677ee
A56: 45579 | B56: bogotá | C56: Laptop-Ultraliviana-16GB | D56: 120.94 | E56: 3 | G56: Esmeralda Bañuelos | H56: gdel-rio@proyectos.biz | I56: 4a70ae74-59ef-4f8f-98ee-d8fff858e22d
A57: 45579 | B57: Medellín | C57: Tablet-Mini-8GB | D57: 1950.45 | E57: 4 | F57: 7801.8 | G57: Angélica Bueno Olvera | H57: bernabe37@despacho.com | I57: 9ffc235a-1e2b-44c3-80ec-61b7a7d4cbc5
A58: 45579 | B58: bogotá | C58: Teléfono-Gama media-4GB | D58: 2092.55 | E58: 5 | F58: 10462.75 | G58: Roberto Casarez Lozada | H58: granadosaraceli@proyectos.net | I58: 890c4fe3-a2aa-473b-a2ff-9c2704d3ac14
A59: 45579 | B59: Medellín | C59: Tablet-Estándar-8GB | D59: 214.72 | E59: 3 | F59: 644.16 | G59: Dr. Pedro Zapata | H59: ursulamenchaca@hotmail.com | I59: 7413d048-5e1b-4043-9969-89781ce744b0
A60: 45579 | B60: Guadalajara | C60: Laptop-Gaming-16GB | D60: 1291.39 | E60: 3 | F60: 3874.17 | G60: Mtro. Salma de la Garza | H60: ana-luisa49@otero.org | I60: 40b3bbac-c623-4647-a606-b5af9a39c69f
A61: 45579 | B61: Ciudad de Mexico | C61: Laptop-Oficina-4GB | D61: 970.38 | E61: 5 | F61: 4851.9 | G61: Tania Soto Nieves | H61: jeronimovigil@hotmail.com | I61: af87cfff-afb0-4f85-888d-e5db29ae4766
A62: 45579 | B62: CALI | C62: Tablet-Mini-16GB | D62: 2101.48 | E62: 2 | F62: 4202.96 | G62: Leticia Luevano Mayorga | H62: orascon@corporacin.com | I62: f0548b33-86eb-4b3f-a1f4-cef9f9f11955
A63: 45579 | B63: bogotá | C63: Laptop-Ultraliviana-4GB | D63: 302.84 | E63: 3 | F63: 908.52 | G63: Lic. Leonel Orosco | H63: dponce@verdugo.info | I63: 972dd545-20a8-49a2-be8a-93f570eba58b
A64: 45579 | B64: monterrey | C64: Auriculares-Con cable-32GB | D64: 1421.57 | E64: 4 | F64: 5686.28 | G64: Hernan Anguiano | H64: adriana27@hotmail.com | I64: 6b47665a-5972-4a11-a9e7-d42e56cf42a4
A65: 45579 | B65: monterrey | C65: Tablet-Mini-8GB | D65: 1037.64 | E65: 3 | F65: 3112.92 | G65: Dr. Yolanda Miranda | H65: oswaldo20@proyectos.net | I65: 8e55023b-2774-4015-86a2-780e882c0d87
A66: 45579 | B66: monterrey | C66: Auriculares-Con cable-16GB | D66: 579.54 | E66: 3 | F66: 1738.62 | G66: Ing. Judith Ayala | H66: paolavergara@laboratorios.net | I66: 64e8cb7b-f59e-470c-b704-3f79a8f2cc9e
A67: 45579 | B67: Medellín | C67: Tablet-Mini-4GB | D67: 796.49 | E67: 3 | F67: 2389.47 | G67: Carmen Rufino Téllez Benavides | H67: leonortoledo@solorzano.com | I67: dac843fc-5bc0-475f-a01e-8c48a965a9c2
A68: 45579 | B68: bogotá | C68: Tel√©fono-Gama media-8GB | D68: 1838.04 | E68: 4 | F68: 7352.16 | G68: Wendolin Fonseca | H68: linda23@gmail.com | I68: fc8a05ee-e84e-44f7-96be-898033a352b4
... A91: 45581 | B91: CALI | C91: Teléfono-Gama baja-16GB | D91: 833.39 | E91: 1 | F91: 833.39 | G91: Mtro. Estela Villanueva | H91: salma61@gmail.com | I91: 8cbf9f9b-f7d4-44ca-9484-0940e88fe51a
A92: 45581 | B92: bogotá | C92: Teléfono-Gama media-4GB | E92: 5 | F92: 11708.85 | G92: Enrique Crespo Alvarez | H92: pamela41@grupo.com | I92: 6321df0f-9103-4ad4-8571-120df4dd675b
A93: 45581 | B93: Medellín | C93: Auriculares-Bluetooth-32GB | D93: 397.5 | E93: 2 | F93: 795 | G93: Víctor Jaramillo | H93: vallejogustavo@despacho.net | I93: cb4fece9-bf8f-4e7d-8218-b9d826729e46
A94: 45581 | B94: Ciudad de Mexico | C94: Laptop-Gaming-32GB | D94: 100.75 | E94: 1 | F94: 100.75 | G94: Asuncion Badillo | H94: carlota45@yahoo.com | I94: a279348c-c747-4e18-b056-f066a8c54d22
A95: 45581 | B95: Ciudad de Mexico | C95: Teléfono-Gama baja-32GB | D95: 1268.91 | E95: 2 | F95: 2537.82 | G95: Rosalia Florencia Contreras | H95: olverapamela@yahoo.com | I95: 54ac59d8-1eda-4373-bd55-691a4a1a13f9
A96: 45581 | B96: Ciudad de Mexico | C96: Laptop-Ultraliviana-8GB | D96: 903.41 | E96: 3 | F96: 2710.23 | G96: Diego Armando Portillo | H96: rociopalomino@valenzuela.com | I96: 278f1d63-6044-406a-b286-8ed51ce0b45a
A97: 45581 | B97: Medellín | C97: Laptop-Ultraliviana-8GB | D97: 259.75 | E97: 4 | F97: 1039 | G97: Dr. Diana Olivas | H97: vmesa@valdes-suarez.com | I97: f2f8a751-e6da-4e2b-b90b-7189fd4833ad
A98: 45582 | B98: Ciudad de Mexico | C98: Auriculares-Bluetooth-8GB | D98: 798.65 | E98: 1 | F98: 798.65 | G98: Rufino Lucero Urrutia | H98: ncastaneda@rico.com | I98: f34bc8a2-d539-45c5-a4cb-e23ab3ad1bf9
A99: 45582 | B99: monterrey | C99: Teléfono-Gama media-32GB | D99: 1937.4 | E99: 2 | F99: 3874.8 | G99: Fabiola Angélica Bravo | H99: correaestefania@yahoo.com | I99: 76fde716-641c-4ff4-848c-ade7a38970de
A100: 45582 | B100: Medellín | C100: Laptop-Oficina-32GB | D100: 1866.74 | E100: 4 | F100: 7466.96 | G100: Lourdes Godoy Niño | H100: prietowendolin@abrego-mares.com | I100: 8cfb7643-588b-4ac4-8843-ef2886b4bbea
A101: 45582 | B101: Ciudad de Mexico | C101: Auriculares-Con cable-16GB | D101: 1093.69 | E101: 1 | F101: 1093.69 | G101: Guillermina Carbajal | H101: martincandelaria@hotmail.com | I101: f0d38b06-2059-47d6-9f56-aefc70f2727d
A102: 45582 | B102: monterrey | C102: Teléfono-Gama baja-16GB | D102: 2063.13 | E102: 4 | F102: 8252.52 | G102: Leonardo José Luis Manzanares Trujillo | H102: garenas@verduzco.org | I102: 969772b7-82a9-4281-b808-f08dbacfaa54
A103: 45582 | B103: CALI | C103: Tel√©fono-Gama media-8GB | D103: 1091.59 | E103: 5 | F103: 5457.95 | G103: Abel Leticia Calderon Gallegos | H103: timoteo70@hotmail.com | I103: 92461461-c9c6-41f5-ba8b-7e68bb7088ec
A104: 45582 | B104: bogotá | C104: Auriculares-Con cable-4GB | D104: 271.81 | E104: 2 | G104: Mauricio Pamela Villegas | H104: jeronimo36@proyectos.info | I104: 041c1c21-48c4-49bf-8301-a26b4b366c97
A105: 45582 | B105: Ciudad de Mexico | C105: Teléfono-Gama media-16GB | D105: 2392.27 | E105: 4 | F105: 9569.08 | G105: Josefina Zarate | H105: rosaliabatista@hurtado.com | I105: 0db62a2e-44b2-4c21-8063-f5b1546b6955
A106: 45582 | B106: Guadalajara | C106: Teléfono-Gama baja-4GB | D106: 2411.28 | E106: 4 | F106: 9645.12 | G106: Olga Castillo Longoria | H106: cejaantonio@gmail.com | I106: 8d1f42be-4310-48c3-951b-e030b1423297
A107: 45582 | B107: Ciudad de Mexico | C107: Laptop-Oficina-8GB | D107: 303.84 | E107: 1 | F107: 303.84 | G107: Sr(a). Luis Manuel Arriaga | H107: yenivaldes@quesada.com | I107: 7fcd384b-a0e3-4e0f-a707-c4a8a1b4c112
A108: 45582 | B108: CALI | C108: Tablet-Pro-32GB | D108: 228.78 | E108: 1 | F108: 228.78 | G108: Antonio Jesús Vallejo Bravo | H108: uescalante@gmail.com | I108: 3a57b856-992a-4aa3-a497-f62acef32235
A109: 45583 | B109: monterrey | C109: Auriculares-Bluetooth-4GB | D109: 721.04 | E109: 4 | F109: 2884.16 | G109: René Rafaél Rocha | H109: hugodel-rio@reyna.com | I109: 21eb6780-a2cf-4959-81fd-6bec09658cd0
A110: 45583 | B110: CALI | C110: Auriculares-Cancelación de ruido-4GB | D110: 594.52 | E110: 2 | F110: 1189.04 | G110: Rodrigo Aldonza Polanco | H110: borregomitzy@hotmail.com | I110: 4b66bc0e-757f-46df-8fd9-af3d9751bd47
A111: 45583 | B111: monterrey | C111: Laptop-Ultraliviana-8GB | D111: 1612.96 | E111: 1 | F111: 1612.96 | G111: José Luis Alarcon | H111: maximiliano11@garrido.com | I111: 0d3db73a-8164-4ea7-82ec-bc976d02b86a
A112: 45583 | B112: bogotá | C112: Teléfono-Gama alta-16GB | D112: 169.21 | E112: 3 | F112: 507.63 | G112: Hermelinda Clemente Sisneros | H112: citlaliramos@roque-velasco.biz | I112: af40dcd7-913c-4661-9539-8e5b477bae0b
A113: 45583 | B113: bogotá | C113: Laptop-Gaming-4GB | D113: 709.65 | E113: 3 | F113: 2128.95 | G113: Javier Ofelia Quintanilla Villa | H113: sramirez@yahoo.com | I113: 8a1ce3fb-e2c2-4c33-8f15-c428f8a97642
A114: 45583 | B114: bogotá | C114: Laptop-Oficina-32GB | D114: 1750.63 | E114: 5 | F114: 8753.15 | G114: Rufino Amador Ochoa | H114: anel99@hotmail.com | I114: 731cae55-5431-4c89-89e4-ae12557b88e2
A115: 45583 | B115: Guadalajara | C115: Teléfono-Gama media-32GB | E115: 4 | F115: 6259.84 | G115: Cristina Esteban Quintero | H115: francisca45@espinal.com | I115: fa85138f-7fb2-499a-acc2-02957ef92673
A116: 45583 | B116: Medellín | C116: Tablet-Estándar-4GB | D116: 1972.43 | E116: 5 | F116: 9862.15 | G116: Estefanía Modesto Lebron Figueroa | H116: mauriciogarcia@gmail.com | I116: 13dacdaa-eb35-4a33-acaf-5c98625d9304
A117: 45583 | B117: Ciudad de Mexico | C117: Tablet-Estándar-8GB | D117: 2431.8 | E117: 2 | F117: 4863.6 | G117: Carlos Esteban Nieves Zarate | H117: enriqueaguirre@tamayo-roldan.com | I117: 748ca89e-cc7c-4b74-9211-5c7153943bea
A118: 45583 | B118: Guadalajara | C118: Laptop-Gaming-16GB | D118: 904.01 | E118: 1 | F118: 904.01 | G118: Sr(a). David Preciado | H118: fheredia@amador.biz | I118: ef211983-e418-498f-bd94-b407618f19f2
A119: 45583 | B119: CALI | C119: Laptop-Ultraliviana-32GB | D119: 700.55 | E119: 5 | F119: 3502.75 | G119: Bianca Ávalos Cantú | H119: hborrego@hotmail.com | I119: 46208692-578c-41c7-a7ca-6da2fc87ff43
A120: 45583 | B120: Medellín | C120: Tablet-Estándar-16GB | D120: 1034.4 | E120: 1 | F120: 1034.4 | G120: Veronica Jurado Gonzales | H120: ivenegas@club.com | I120: c959873c-5ee3-4647-bd0b-df86bd37e523
A121: 45584 | B121: CALI | C121: Tablet-Estándar-32GB | D121: 902.5 | E121: 3 | F121: 2707.5 | G121: Dr. Estefanía Piña | H121: colladomercedes@yahoo.com | I121: a735a980-0215-4741-924f-a6525c85f916
A122: 45584 | B122: CALI | C122: Auriculares-Con cable-32GB | D122: 713.75 | E122: 3 | F122: 2141.25 | G122: Alfredo Cintron | H122: felicianoirene@gmail.com | I122: 298b36d0-dae0-4465-94e0-f5a242f44bd5
A123: 45584 | B123: monterrey | C123: Teléfono-Gama alta-4GB | D123: 2484.74 | E123: 5 | F123: 12423.7 | G123: Daniel Campos | H123: jossolorzano@berrios.info | I123: 826d9505-bc85-407f-95a3-b12b5fe5566b
A124: 45584 | B124: Guadalajara | C124: Laptop-Oficina-32GB | D124: 2182.83 | E124: 4 | F124: 8731.32 | G124: Olivia Zavala | H124: isabelmunguia@de.com | I124: 1bb7ccf0-5ad1-49e5-831c-01f403e1e8ae
A125: 45584 | B125: Guadalajara | C125: Teléfono-Gama alta-4GB | D125: 2329.03 | E125: 4 | F125: 9316.12 | G125: Estela Zamora Téllez | H125: luisaquintanilla@regalado-tejeda.com | I125: 8ce73f48-2cc5-4586-974b-db612bc9d6ae
A126: 45584 | B126: bogotá | C126: Teléfono-Gama alta-32GB | D126: 130.05 | E126: 1 | F126: 130.05 | G126: Eric Amador Santiago | H126: barrazaclaudia@hotmail.com | I126: b07b2920-9fbe-4a2c-ab22-d232c3ad228c
A127: 45584 | B127: Guadalajara | C127: Teléfono-Gama baja-32GB | D127: 1564.37 | E127: 1 | F127: 1564.37 | G127: Vanesa Valverde Gaona | H127: rodriguezluis@corporacin.com | I127: 57a6f553-cfd0-401a-ab8d-e08db3b7b54c
... A182: 45589 | B182: Ciudad de Mexico | C182: Teléfono-Gama baja-32GB | D182: 1901.74 | E182: 4 | F182: 7606.96 | G182: Karina Galvez Duran | H182: navajose-eduardo@peralta.org | I182: 39df2d77-4667-462c-a9a5-a4502b01e2af
A183: 45589 | B183: Ciudad de Mexico | C183: Tablet-Estándar-8GB | E183: 5 | F183: 3716.95 | G183: Nancy Horacio Porras | H183: karinajaimes@grupo.net | I183: 6486d7e7-8b63-4036-a105-6f846c2be7ab
A184: 45590 | B184: Ciudad de Mexico | C184: Tel√©fono-Gama media-8GB | D184: 2095.64 | E184: 5 | F184: 10478.2 | G184: Dr. Agustín Sandoval | H184: cornelio15@grupo.com | I184: 1a1b2b13-06f4-45bf-a9e9-678df211aedf
A185: 45590 | B185: CALI | C185: Tablet-Mini-16GB | D185: 1062.11 | E185: 2 | F185: 2124.22 | G185: German Corral | H185: eloy50@despacho.com | I185: 87c5ffd3-6c28-4101-af3b-154ff4ae6392
A186: 45590 | B186: Ciudad de Mexico | C186: Teléfono-Gama baja-4GB | D186: 1363.09 | E186: 5 | F186: 6815.45 | G186: German Leon | H186: xespinosa@maestas-zambrano.org | I186: d4f65876-1ffb-4376-ac69-30bc4a1f11d5
A187: 45590 | B187: Ciudad de Mexico | C187: Tablet-Estándar-32GB | D187: 1468.39 | E187: 1 | F187: 1468.39 | G187: Estela Tijerina | H187: guzmanalfonso@molina.com | I187: 96edea28-2897-4637-85bd-60acc395c4c4
A188: 45590 | B188: Medellín | C188: Tablet-Pro-16GB | D188: 1823.15 | E188: 5 | F188: 9115.75 | G188: Lic. Anel Cervantez | H188: casanovahugo@yahoo.com | I188: 758acf48-c5d8-4ad9-8a21-e3e1440e091e
A189: 45590 | B189: Guadalajara | C189: Teléfono-Gama alta-4GB | D189: 2242.64 | E189: 4 | F189: 8970.56 | G189: Lic. Ignacio Corrales | H189: veronicagaona@yahoo.com | I189: 68461278-65b9-41b1-b4b7-f73c4451f4cf
A190: 45590 | B190: Guadalajara | C190: Teléfono-Gama alta-4GB | D190: 1260.9 | E190: 3 | F190: 3782.7 | G190: Mariano Borrego | H190: galindoabelardo@hotmail.com | I190: 45b0ad4b-932c-441b-b413-53565decfa94
A191: 45590 | B191: Guadalajara | C191: Auriculares-Bluetooth-4GB | D191: 2382.64 | E191: 4 | F191: 9530.56 | G191: Barbara Perla Godínez | H191: yolandamontalvo@gmail.com | I191: 1dada63c-2f5a-48d7-8e04-d26aacd30687
A192: 45591 | B192: bogotá | C192: Teléfono-Gama baja-32GB | D192: 919 | E192: 5 | F192: 4595 | G192: Veronica de Leon Covarrubias | H192: gzelaya@gmail.com | I192: 0461093f-4c28-41d9-b8c1-8f858b8a8164
A193: 45591 | B193: bogotá | C193: Auriculares-Con cable-4GB | D193: 1631.22 | E193: 5 | F193: 8156.1 | G193: Carmen Colunga | H193: cesar12@hotmail.com | I193: 95e49e46-be39-496b-8a9b-52bd39505406
A194: 45591 | B194: bogotá | C194: Auriculares-Bluetooth-16GB | D194: 2101.18 | E194: 4 | F194: 8404.72 | G194: Wendolin Elvia Osorio Gallardo | H194: camilareyes@yahoo.com | I194: b530707f-4d7d-4afc-bde4-e36c5328a487
A195: 45591 | B195: bogotá | C195: Laptop-Ultraliviana-8GB | D195: 1868.91 | E195: 5 | F195: 9344.55 | G195: Sandra Cornelio Nava Galarza | H195: gaonagabriel@proyectos.org | I195: 8a075c13-f70b-4b5b-909b-e961bf332236
... A317: 45608 | B317: Guadalajara | C317: Laptop-Gaming-32GB | D317: 1032 | E317: 4 | F317: 4128 | G317: José Manuél Barrios | H317: pserrano@gmail.com | I317: b34e56ee-bab9-42ce-a5f4-4476f3368f27
A318: 45608 | B318: CALI | C318: Tablet-Pro-4GB | E318: 2 | F318: 3713.2 | G318: Mtro. Perla Meléndez | H318: renedominguez@osorio.com | I318: 98d1bc59-ba9c-4923-b9cd-06d3c57ffe57
A319: 45608 | B319: monterrey | C319: Auriculares-Bluetooth-16GB | D319: 1383.94 | E319: 3 | F319: 4151.82 | G319: Santiago Frías | H319: nayelipedroza@samaniego.com | I319: 2fcfe31d-bbe3-4d02-997b-2a688e44aa4a
A320: 45608 | B320: Guadalajara | C320: Tablet-Mini-16GB | D320: 812.41 | E320: 5 | F320: 4062.05 | G320: Elvira Laboy | H320: henriquezjose-maria@gurule.net | I320: 29b35046-a922-4222-bb43-d4f2e673f05e
A321: 45608 | B321: Guadalajara | C321: Tablet-Estándar-16GB | D321: 424.12 | E321: 2 | F321: 848.24 | G321: Sr(a). Lucía Montoya | H321: jcintron@hotmail.com | I321: c048f440-4471-4f5b-8f49-4805f745f284
A322: 45609 | B322: bogotá | C322: Auriculares-Bluetooth-4GB | E322: 1 | F322: 1787.41 | G322: Cynthia Aguilera Figueroa | H322: eloyarroyo@yahoo.com | I322: 6a533065-10e9-417f-90b8-cc321916284c
A323: 45609 | B323: monterrey | C323: Tablet-Mini-8GB | D323: 625.41 | E323: 2 | F323: 1250.82 | G323: Arturo Haro Varela | H323: ssosa@hotmail.com | I323: 2feb799d-af20-4c3b-99b5-36c59009058b
A324: 45609 | B324: Ciudad de Mexico | C324: Tablet-Pro-32GB | D324: 2393.92 | E324: 3 | F324: 7181.76 | G324: Marcela Augusto Baca | H324: luisromo@grupo.org | I324: 213520c6-9cb7-434b-bd54-ffac25a0f0c9
A325: 45609 | B325: monterrey | C325: Auriculares-Con cable-32GB | D325: 724.54 | E325: 5 | F325: 3622.7 | G325: Israel Paredes | H325: josefinacarrero@zavala.com | I325: 448e14d0-eae1-4771-8c1c-dd1f4ea21088
A326: 45609 | B326: Ciudad de Mexico | C326: Auriculares-Cancelación de ruido-8GB | D326: 1665.73 | E326: 2 | F326: 3331.46 | G326: Lorenzo Collado Gastélum | H326: lorena10@gmail.com | I326: ad71df5b-e541-4c69-a100-86824806dfcc
A327: 45609 | B327: bogotá | C327: Tablet-Mini-4GB | D327: 1373.32 | E327: 1 | F327: 1373.32 | G327: Amanda Baez | H327: zamudiooswaldo@rosales.com | I327: a7dfe4eb-5eeb-4472-bdee-bc2113869dcc
A328: 45609 | B328: Guadalajara | C328: Auriculares-Cancelaci√≥n de ruido-16GB | D328: 1899.66 | E328: 2 | F328: 3799.32 | G328: Ing. Pilar Laboy | H328: gdel-valle@covarrubias-marquez.com | I328: 86e384a9-c2a7-45ca-a673-368c949b7a96
A329: 45609 | B329: CALI | C329: Tablet-Pro-8GB | D329: 1873.69 | E329: 2 | F329: 3747.38 | G329: Cecilia Casas Ledesma | H329: gabinopolanco@gmail.com | I329: 31af08be-2649-4947-9338-28fb518be843
A330: 45609 | B330: Guadalajara | C330: Tablet-Estándar-32GB | D330: 181.51 | E330: 5 | F330: 907.55 | G330: Órsula Cristian Ledesma Lara | H330: aholguin@industrias.com | I330: db925419-778f-4d29-963a-7f15f6e37629
A331: 45609 | B331: bogotá | C331: Auriculares-Bluetooth-32GB | D331: 1029.22 | E331: 5 | F331: 5146.1 | G331: Lic. Berta Cortés | H331: malaveleonor@hotmail.com | I331: bedb2d59-276e-4a43-a057-2331a8689f9f
...

Sheet Datos_Limpios
A1: Fecha de venta | B1: Mes | C1: Ciudad | D1: Ciudad Corregida | E1: Producto | F1: Categoria | G1: Tipo | H1: Especificaciones | I1: Precio unitario | J1: Cantidad | K1: Monto total | L1: Cliente | M1: Email | N1: ID de orden
A2: 45566 | B2: =TEXT(A2,"mmmm") -> October | C2: monterrey | D2: =PROPER(TRIM(C2)) -> Monterrey | E2: Tablet-Estándar-8GB | F2: =IFERROR(__xludf.DUMMYFUNCTION("SPLIT(E2, ""-"")"),"Tablet") -> Tablet | G2: =IFERROR(__xludf.DUMMYFUNCTION("""COMPUTED_VALUE"""),"Estándar") -> Estándar | H2: =IFERROR(__xludf.DUMMYFUNCTION("""COMPUTED_VALUE"""),"8GB") -> 8GB | I2: 1339.17 | J2: 2 | K2: 2678.34 | L2: Rebeca Salvador Gamez García | M2: qcovarrubias@hotmail.com | N2: 53a9e98d-d57a-488e-bcec-701bc4e1ec3e
A3: 45566 | B3: =TEXT(A3,"mmmm") -> October | C3: bogotá | D3: =PROPER(TRIM(C3)) -> Bogotá | E3: Auriculares-Con cable-32GB | F3: =IFERROR(__xludf.DUMMYFUNCTION("SPLIT(E3, ""-"")"),"Auriculares") -> Auriculares | G3: =IFERROR(__xludf.DUMMYFUNCTION("""COMPUTED_VALUE"""),"Con cable") -> Con cable | H3: =IFERROR(__xludf.DUMMYFUNCTION("""COMPUTED_VALUE"""),"32GB") -> 32GB | I3: 716.29 | J3: 1 | K3: 716.29 | L3: Evelio Ramiro Arce | M3: gaytansergio@navarro.info | N3: 10c739f0-f7fb-4c8e-a239-ed1f5c295465
A4: 45568 | B4: =TEXT(A4,"mmmm") -> October | C4: monterrey | D4: =PROPER(TRIM(C4)) -> Monterrey | E4: Auriculares-Con cable-32GB | F4: =IFERROR(__xludf.DUMMYFUNCTION("SPLIT(E4, ""-"")"),"Auriculares") -> Auriculares | G4: =IFERROR(__xludf.DUMMYFUNCTION("""COMPUTED_VALUE"""),"Con cable") -> Con cable | H4: =IFERROR(__xludf.DUMMYFUNCTION("""COMPUTED_VALUE"""),"32GB") -> 32GB | I4: 439.01 | J4: 5 | K4: 2195.05 | L4: Sandra Baez | M4: maria-teresamanzanares@jaquez.com | N4: d7c9e19e-1228-4326-8b2a-cde42e222a67
A5: 45568 | B5: =TEXT(A5,"mmmm") -> October | C5: bogotá | D5: =PROPER(TRIM(C5)) -> Bogotá | E5: Tablet-Estándar-16GB | F5: =IFERROR(__xludf.DUMMYFUNCTION("SPLIT(E5, ""-"")"),"Tablet") -> Tablet | G5: =IFERROR(__xludf.DUMMYFUNCTION("""COMPUTED_VALUE"""),"Estándar") -> Estándar | H5: =IFERROR(__xludf.DUMMYFUNCTION("""COMPUTED_VALUE"""),"16GB") -> 16GB | I5: 741.79 | J5: 2 | K5: 1483.58 | L5: Uriel Helena Caldera | M5: pizarrojaqueline@acuna-moreno.com | N5: 91de2837-a873-4607-8185-7fa6844d2be8
A6: 45568 | B6: =TEXT(A6,"mmmm") -> October | C6: bogotá | D6: =PROPER(TRIM(C6)) -> Bogotá | E6: Tablet-Estándar-8GB | F6: =IFERROR(__xludf.DUMMYFUNCTION("SPLIT(E6, ""-"")"),"Tablet") -> Tablet | G6: =IFERROR(__xludf.DUMMYFUNCTION("""COMPUTED_VALUE"""),"Estándar") -> Estándar | H6: =IFERROR(__xludf.DUMMYFUNCTION("""COMPUTED_VALUE"""),"8GB") -> 8GB | I6: 984.34 | J6: 3 | K6: 2953.02 | L6: Wendolin Jeronimo Farías | M6: yterrazas@hotmail.com | N6: 4cfd7c38-6607-4b36-ab60-fb259d4e18b4
A7: 45568 | B7: =TEXT(A7,"mmmm") -> October | C7: Ciudad de Mexico | D7: =PROPER(TRIM(C7)) -> Ciudad De Mexico | E7: Teléfono-Gama alta-32GB | F7: =IFERROR(__xludf.DUMMYFUNCTION("SPLIT(E7, ""-"")"),"Teléfono") -> Teléfono | G7: =IFERROR(__xludf.DUMMYFUNCTION("""COMPUTED_VALUE"""),"Gama alta") -> Gama alta | H7: =IFERROR(__xludf.DUMMYFUNCTION("""COMPUTED_VALUE"""),"32GB") -> 32GB | I7: 2419.81 | J7: 5 | K7: 12099.05 | L7: Esteban Ureña | M7: gvazquez@burgos.com | N7: a4da2665-dfb9-46f3-b658-cc5d0505dd86
A8: 45568 | B8: =TEXT(A8,"mmmm") -> October | C8: Medellín | D8: =PROPER(TRIM(C8)) -> Medellín | E8: Tablet-Pro-4GB | F8: =IFERROR(__xludf.DUMMYFUNCTION("SPLIT(E8, ""-"")"),"Tablet") -> Tablet | G8: =IFERROR(__xludf.DUMMYFUNCTION("""COMPUTED_VALUE"""),"Pro") -> Pro | H8: =IFERROR(__xludf.DUMMYFUNCTION("""COMPUTED_VALUE"""),"4GB") -> 4GB | I8: 145.9 | J8: 5 | K8: 729.5 | L8: Aida Ojeda Galindo | M8: concepcion88@hotmail.com | N8: 8d23f99e-11a9-4194-979d-e2f334eec6fa
A9: 45569 | B9: =TEXT(A9,"mmmm") -> October | C9: Ciudad de Mexico | D9: =PROPER(TRIM(C9)) -> Ciudad De Mexico | E9: Auriculares-Con cable-8GB | F9: =IFERROR(__xludf.DUMMYFUNCTION("SPLIT(E9, ""-"")"),"Auriculares") -> Auriculares | G9: =IFERROR(__xludf.DUMMYFUNCTION("""COMPUTED_VALUE"""),"Con cable") -> Con cable | H9: =IFERROR(__xludf.DUMMYFUNCTION("""COMPUTED_VALUE"""),"8GB") -> 8GB | I9: 1086.48 | J9: 1 | K9: 1086.48 | L9: Cristal Luis Manuel Sanchez | M9: rocioescalante@hotmail.com | N9: a895a20b-523d-4f9e-a3e5-039259362c4f
A10: 45570 | B10: =TEXT(A10,"mmmm") -> October | C10: monterrey | D10: =PROPER(TRIM(C10)) -> Monterrey | E10: Auriculares-Con cable-8GB | F10: =IFERROR(__xludf.DUMMYFUNCTION("SPLIT(E10, ""-"")"),"Auriculares") -> Auriculares | G10: =IFERROR(__xludf.DUMMYFUNCTION("""COMPUTED_VALUE"""),"Con cable") -> Con cable | H10: =IFERROR(__xludf.DUMMYFUNCTION("""COMPUTED_VALUE"""),"8GB") -> 8GB | I10: 1898.32 | J10: 4 | K10: 7593.28 | L10: Daniela Padron | M10: dromero@industrias.info | N10: 14722e2a-7971-43ee-ac45-587157e6f198
A11: 45571 | B11: =TEXT(A11,"mmmm") -> October | C11: monterrey | D11: =PROPER(TRIM(C11)) -> Monterrey | E11: Tablet-Estándar-8GB | F11: =IFERROR(__xludf.DUMMYFUNCTION("SPLIT(E11, ""-"")"),"Tablet") -> Tablet | G11: =IFERROR(__xludf.DUMMYFUNCTION("""COMPUTED_VALUE"""),"Estándar") -> Estándar | H11: =IFERROR(__xludf.DUMMYFUNCTION("""COMPUTED_VALUE"""),"8GB") -> 8GB | I11: 1280.61 | J11: 5 | K11: 6403.05 | L11: Lic. Elena Zepeda | M11: emiliovillegas@diaz-ulibarri.net | N11: 7424e9fb-eb47-4eb6-b0ee-330eb470b214
A12: 45571 | B12: =TEXT(A12,"mmmm") -> October | C12: Medellín | D12: =PROPER(TRIM(C12)) -> Medellín | E12: Tablet-Estándar-32GB | F12: =IFERROR(__xludf.DUMMYFUNCTION("SPLIT(E12, ""-"")"),"Tablet") -> Tablet | G12: =IFERROR(__xludf.DUMMYFUNCTION("""COMPUTED_VALUE"""),"Estándar") -> Estándar | H12: =IFERROR(__xludf.DUMMYFUNCTION("""COMPUTED_VALUE"""),"32GB") -> 32GB | I12: 1753 | J12: 5 | K12: 8765 | L12: Cristal Rincon | M12: maria-teresaibarra@yahoo.com | N12: a4b8a935-59ba-43d2-9d68-660ee91a5acd
A13: 45572 | B13: =TEXT(A13,"mmmm") -> October | C13: Ciudad de Mexico | D13: =PROPER(TRIM(C13)) -> Ciudad De Mexico | E13: Laptop-Oficina-8GB | F13: =IFERROR(__xludf.DUMMYFUNCTION("SPLIT(E13, ""-"")"),"Laptop") -> Laptop | G13: =IFERROR(__xludf.DUMMYFUNCTION("""COMPUTED_VALUE"""),"Oficina") -> Oficina | H13: =IFERROR(__xludf.DUMMYFUNCTION("""COMPUTED_VALUE"""),"8GB") -> 8GB | I13: 370.25 | J13: 4 | K13: 1481 | L13: Francisca Lucas Jaimes Zavala | M13: baezjonas@proyectos.org | N13: 9c8710a3-d9ef-4a00-9c0b-7c93d5fb8f63
A14: 45572 | B14: =TEXT(A14,"mmmm") -> October | C14: Guadalajara | D14: =PROPER(TRIM(C14)) -> Guadalajara | E14: Auriculares-Bluetooth-4GB | F14: =IFERROR(__xludf.DUMMYFUNCTION("SPLIT(E14, ""-"")"),"Auriculares") -> Auriculares | G14: =IFERROR(__xludf.DUMMYFUNCTION("""COMPUTED_VALUE"""),"Bluetooth") -> Bluetooth | H14: =IFERROR(__xludf.DUMMYFUNCTION("""COMPUTED_VALUE"""),"4GB") -> 4GB | I14: 62.73 | J14: 3 | K14: 188.19 | L14: Elisa Soria | M14: guillerminacorral@yahoo.com | N14: eb72415a-2fdb-436d-a740-aa38fe92dba8
A15: 45573 | B15: =TEXT(A15,"mmmm") -> October | C15: Medellín | D15: =PROPER(TRIM(C15)) -> Medellín | E15: Laptop-Ultraliviana-4GB | F15: =IFERROR(__xludf.DUMMYFUNCTION("SPLIT(E15, ""-"")"),"Laptop") -> Laptop | G15: =IFERROR(__xludf.DUMMYFUNCTION("""COMPUTED_VALUE"""),"Ultraliviana") -> Ultraliviana | H15: =IFERROR(__xludf.DUMMYFUNCTION("""COMPUTED_VALUE"""),"4GB") -> 4GB | I15: 2314.37 | J15: 5 | K15: 11571.85 | L15: Rosalia Alcantar | M15: luisamata@barajas-de.org | N15: a9fee7b5-3729-4db8-815f-355ff6236823
A16: 45573 | B16: =TEXT(A16,"mmmm") -> October | C16: Medellín | D16: =PROPER(TRIM(C16)) -> Medellín | E16: Tablet-Estándar-4GB | F16: =IFERROR(__xludf.DUMMYFUNCTION("SPLIT(E16, ""-"")"),"Tablet") -> Tablet | G16: =IFERROR(__xludf.DUMMYFUNCTION("""COMPUTED_VALUE"""),"Estándar") -> Estándar | H16: =IFERROR(__xludf.DUMMYFUNCTION("""COMPUTED_VALUE"""),"4GB") -> 4GB | I16: 2168.25 | J16: 3 | K16: 6504.75 | L16: Fernando Marquez Almaraz | M16: benitezcarlota@yahoo.com | N16: 1d366307-d6bd-4e44-b202-bab1ce141dbd
A17: 45574 | B17: =TEXT(A17,"mmmm") -> October | C17: bogotá | D17: =PROPER(TRIM(C17)) -> Bogotá | E17: Auriculares-Bluetooth-16GB | F17: =IFERROR(__xludf.DUMMYFUNCTION("SPLIT(E17, ""-"")"),"Auriculares") -> Auriculares | G17: =IFERROR(__xludf.DUMMYFUNCTION("""COMPUTED_VALUE"""),"Bluetooth") -> Bluetooth | H17: =IFERROR(__xludf.DUMMYFUNCTION("""COMPUTED_VALUE"""),"16GB") -> 16GB | I17: 120.46 | J17: 1 | K17: 120.46 | L17: Indira Guadalupe Montez Alcaraz | M17: brivera@club.com | N17: a076e80e-95f4-4b8d-8e0e-af032fd3e7e3
A18: 45574 | B18: =TEXT(A18,"mmmm") -> October | C18: CALI | D18: =PROPER(TRIM(C18)) -> Cali | E18: Tablet-Mini-32GB | F18: =IFERROR(__xludf.DUMMYFUNCTION("SPLIT(E18, ""-"")"),"Tablet") -> Tablet | G18: =IFERROR(__xludf.DUMMYFUNCTION("""COMPUTED_VALUE"""),"Mini") -> Mini | H18: =IFERROR(__xludf.DUMMYFUNCTION("""COMPUTED_VALUE"""),"32GB") -> 32GB | I18: 525.13 | J18: 2 | K18: 1050.26 | L18: Ing. María José Noriega | M18: victor38@industrias.com | N18: 55a4140a-ad3c-4b67-9d33-7eb275fe9440
A19: 45575 | B19: =TEXT(A19,"mmmm") -> October | C19: bogotá | D19: =PROPER(TRIM(C19)) -> Bogotá | E19: Laptop-Oficina-16GB | F19: =IFERROR(__xludf.DUMMYFUNCTION("SPLIT(E19, ""-"")"),"Laptop") -> Laptop | G19: =IFERROR(__xludf.DUMMYFUNCTION("""COMPUTED_VALUE"""),"Oficina") -> Oficina | H19: =IFERROR(__xludf.DUMMYFUNCTION("""COMPUTED_VALUE"""),"16GB") -> 16GB | I19: 278.37 | J19: 3 | K19: 835.11 | L19: Mtro. César Verduzco | M19: maria-elena87@proyectos.biz | N19: af1640cb-8d21-4be4-a497-cf19ebe3fa3e
A20: 45575 | B20: =TEXT(A20,"mmmm") -> October | C20: Medellín | D20: =PROPER(TRIM(C20)) -> Medellín | E20: Teléfono-Gama media-32GB | F20: =IFERROR(__xludf.DUMMYFUNCTION("SPLIT(E20, ""-"")"),"Teléfono") -> Teléfono | G20: =IFERROR(__xludf.DUMMYFUNCTION("""COMPUTED_VALUE"""),"Gama media") -> Gama media | H20: =IFERROR(__xludf.DUMMYFUNCTION("""COMPUTED_VALUE"""),"32GB") -> 32GB | I20: 157.57 | J20: 2 | K20: 315.14 | L20: Ernesto Rendon | M20: nadame@hotmail.com | N20: 7c7c5e94-04af-466b-bbd2-9ba60b16b6cc
A21: 45575 | B21: =TEXT(A21,"mmmm") -> October | C21: TULUM | D21: =PROPER(TRIM(C21)) -> Tulum | E21: Laptop-Gaming-32GB | F21: =IFERROR(__xludf.DUMMYFUNCTION("SPLIT(E21, ""-"")"),"Laptop") -> Laptop | G21: =IFERROR(__xludf.DUMMYFUNCTION("""COMPUTED_VALUE"""),"Gaming") -> Gaming | H21: =IFERROR(__xludf.DUMMYFUNCTION("""COMPUTED_VALUE"""),"32GB") -> 32GB | I21: 981.62 | J21: 5 | K21: 4908.1 | L21: Julio César Fernando Cordero | M21: fmontalvo@gmail.com | N21: fd56654c-43c9-4016-8183-cbdf6b382ba6
A22: 45575 | B22: =TEXT(A22,"mmmm") -> October | C22: Ciudad de Mexico | D22: =PROPER(TRIM(C22)) -> Ciudad De Mexico | E22: Tablet-Mini-8GB | F22: =IFERROR(__xludf.DUMMYFUNCTION("SPLIT(E22, ""-"")"),"Tablet") -> Tablet | G22: =IFERROR(__xludf.DUMMYFUNCTION("""COMPUTED_VALUE"""),"Mini") -> Mini | H22: =IFERROR(__xludf.DUMMYFUNCTION("""COMPUTED_VALUE"""),"8GB") -> 8GB | I22: 646.22 | J22: 2 | K22: 1292.44 | L22: Augusto Oswaldo Arce Guardado | M22: marcos44@yahoo.com | N22: b510688e-fa24-4654-b955-0b6adeee039e
A23: 45575 | B23: =TEXT(A23,"mmmm") -> October | C23: Guadalajara | D23: =PROPER(TRIM(C23)) -> Guadalajara | E23: Tablet-Pro-4GB | F23: =IFERROR(__xludf.DUMMYFUNCTION("SPLIT(E23, ""-"")"),"Tablet") -> Tablet | G23: =IFERROR(__xludf.DUMMYFUNCTION("""COMPUTED_VALUE"""),"Pro") -> Pro | H23: =IFERROR(__xludf.DUMMYFUNCTION("""COMPUTED_VALUE"""),"4GB") -> 4GB | I23: 1848.98 | J23: 3 | K23: 5546.94 | L23: Maximiliano Omar Brito Vega | M23: julio50@hotmail.com | N23: 99bc21fb-dcd1-48e4-be06-9bd0b762b73e
A24: 45575 | B24: =TEXT(A24,"mmmm") -> October | C24: CALI | D24: =PROPER(TRIM(C24)) -> Cali | E24: Teléfono-Gama alta-32GB | F24: =IFERROR(__xludf.DUMMYFUNCTION("SPLIT(E24, ""-"")"),"Teléfono") -> Teléfono | G24: =IFERROR(__xludf.DUMMYFUNCTION("""COMPUTED_VALUE"""),"Gama alta") -> Gama alta | H24: =IFERROR(__xludf.DUMMYFUNCTION("""COMPUTED_VALUE"""),"32GB") -> 32GB | I24: 1420.28 | J24: 4 | K24: 5681.12 | L24: Alejandra Najera Miramontes | M24: umadrigal@despacho.biz | N24: 38daf333-0f89-435f-9b2d-a6d639ff33df
A25: 45576 | B25: =TEXT(A25,"mmmm") -> October | C25: Medellín | D25: =PROPER(TRIM(C25)) -> Medellín | E25: Auriculares-Bluetooth-16GB | F25: =IFERROR(__xludf.DUMMYFUNCTION("SPLIT(E25, ""-"")"),"Auriculares") -> Auriculares | G25: =IFERROR(__xludf.DUMMYFUNCTION("""COMPUTED_VALUE"""),"Bluetooth") -> Bluetooth | H25: =IFERROR(__xludf.DUMMYFUNCTION("""COMPUTED_VALUE"""),"16GB") -> 16GB | I25: 2208.12 | J25: 2 | K25: 4416.24 | L25: Benjamín Marcela Lucero | M25: cresporaquel@yahoo.com | N25: cc9f2851-c332-405f-a3fb-1abae821a706
A26: 45576 | B26: =TEXT(A26,"mmmm") -> October | C26: Medellín | D26: =PROPER(TRIM(C26)) -> Medellín | E26: Tablet-Estándar-16GB | F26: =IFERROR(__xludf.DUMMYFUNCTION("SPLIT(E26, ""-"")"),"Tablet") -> Tablet | G26: =IFERROR(__xludf.DUMMYFUNCTION("""COMPUTED_VALUE"""),"Estándar") -> Estándar | H26: =IFERROR(__xludf.DUMMYFUNCTION("""COMPUTED_VALUE"""),"16GB") -> 16GB | I26: 591.94 | J26: 2 | K26: 1183.88 | L26: Eloy Godoy del Río | M26: kveliz@gmail.com | N26: 7ac1b8fd-c88f-4033-9061-4a7613449273
A27: 45576 | B27: =TEXT(A27,"mmmm") -> October | C27: monterrey | D27: =PROPER(TRIM(C27)) -> Monterrey | E27: Auriculares-Bluetooth-4GB | F27: =IFERROR(__xludf.DUMMYFUNCTION("SPLIT(E27, ""-"")"),"Auriculares") -> Auriculares | G27: =IFERROR(__xludf.DUMMYFUNCTION("""COMPUTED_VALUE"""),"Bluetooth") -> Bluetooth | H27: =IFERROR(__xludf.DUMMYFUNCTION("""COMPUTED_VALUE"""),"4GB") -> 4GB | I27: 1429.89 | J27: 4 | K27: 5719.56 | L27: Luis Manuel Ilse Apodaca | M27: ilse56@tapia-zavala.com | N27: a1cb1e10-0e31-479a-b8bb-5dc909b32b66
A28: 45576 | B28: =TEXT(A28,"mmmm") -> October | C28: Medellín | D28: =PROPER(TRIM(C28)) -> Medellín | E28: Auriculares-Con cable-8GB | F28: =IFERROR(__xludf.DUMMYFUNCTION("SPLIT(E28, ""-"")"),"Auriculares") -> Auriculares | G28: =IFERROR(__xludf.DUMMYFUNCTION("""COMPUTED_VALUE"""),"Con cable") -> Con cable | H28: =IFERROR(__xludf.DUMMYFUNCTION("""COMPUTED_VALUE"""),"8GB") -> 8GB | I28: 2085.29 | J28: 1 | K28: 2085.29 | L28: Eugenio Juana Orta Chapa | M28: marco-antoniorosado@grupo.org | N28: 3786d3a2-e035-4239-845a-3dce8eca0b61
A29: 45576 | B29: =TEXT(A29,"mmmm") -> October | C29: GUADALAJARA | D29: =PROPER(TRIM(C29)) -> Guadalajara | E29: Teléfono-Gama baja-16GB | F29: =IFERROR(__xludf.DUMMYFUNCTION("SPLIT(E29, ""-"")"),"Teléfono") -> Teléfono | G29: =IFERROR(__xludf.DUMMYFUNCTION("""COMPUTED_VALUE"""),"Gama baja") -> Gama baja | H29: =IFERROR(__xludf.DUMMYFUNCTION("""COMPUTED_VALUE"""),"16GB") -> 16GB | I29: 724.28 | J29: 3 | K29: 2172.84 | L29: Octavio Briseño Corrales | M29: antoniohernandez@gmail.com | N29: 06092c99-a04c-49aa-b1e2-81711e255109
A30: 45576 | B30: =TEXT(A30,"mmmm") -> October | C30: CALI | D30: =PROPER(TRIM(C30)) -> Cali | E30: Teléfono-Gama alta-8GB | F30: =IFERROR(__xludf.DUMMYFUNCTION("SPLIT(E30, ""-"")"),"Teléfono") -> Teléfono | G30: =IFERROR(__xludf.DUMMYFUNCTION("""COMPUTED_VALUE"""),"Gama alta") -> Gama alta | H30: =IFERROR(__xludf.DUMMYFUNCTION("""COMPUTED_VALUE"""),"8GB") -> 8GB | I30: 1859.58 | J30: 3 | K30: 5578.74 | L30: Patricio Puga | M30: maytecasares@yahoo.com | N30: 428f89ef-5eb4-469e-b29a-14fcef36e9d3
A31: 45576 | B31: =TEXT(A31,"mmmm") -> October | C31: Medellín | D31: =PROPER(TRIM(C31)) -> Medellín | E31: Teléfono-Gama media-8GB | F31: =IFERROR(__xludf.DUMMYFUNCTION("SPLIT(E31, ""-"")"),"Teléfono") -> Teléfono | G31: =IFERROR(__xludf.DUMMYFUNCTION("""COMPUTED_VALUE"""),"Gama media") -> Gama media | H31: =IFERROR(__xludf.DUMMYFUNCTION("""COMPUTED_VALUE"""),"8GB") -> 8GB | I31: 218.17 | J31: 4 | K31: 872.68 | L31: Antonio Adriana Razo | M31: reyesespartaco@hotmail.com | N31: c08f9ba9-0e32-4277-937a-eae40b912ab0
A32: 45576 | B32: =TEXT(A32,"mmmm") -> October | C32: Ciudad de Mexico | D32: =PROPER(TRIM(C32)) -> Ciudad De Mexico | E32: Tablet-Pro-4GB | F32: =IFERROR(__xludf.DUMMYFUNCTION("SPLIT(E32, ""-"")"),"Tablet") -> Tablet | G32: =IFERROR(__xludf.DUMMYFUNCTION("""COMPUTED_VALUE"""),"Pro") -> Pro | H32: =IFERROR(__xludf.DUMMYFUNCTION("""COMPUTED_VALUE"""),"4GB") -> 4GB | I32: 1375.85 | J32: 1 | K32: 1375.85 | L32: Isabel Maya | M32: tozuna@yahoo.com | N32: e8070b1a-de24-4296-b9ca-c4d62784eb47
A33: 45576 | B33: =TEXT(A33,"mmmm") -> October | C33: Guadalajara | D33: =PROPER(TRIM(C33)) -> Guadalajara | E33: Tablet-Pro-8GB | F33: =IFERROR(__xludf.DUMMYFUNCTION("SPLIT(E33, ""-"")"),"Tablet") -> Tablet | G33: =IFERROR(__xludf.DUMMYFUNCTION("""COMPUTED_VALUE"""),"Pro") -> Pro | H33: =IFERROR(__xludf.DUMMYFUNCTION("""COMPUTED_VALUE"""),"8GB") -> 8GB | I33: 421.59 | J33: 2 | K33: 843.18 | L33: Lic. Carlota Ontiveros | M33: francisco-javierzamudio@gmail.com | N33: 19a6e9f7-0a45-4879-ab17-df6979e1e612
A34: 45576 | B34: =TEXT(A34,"mmmm") -> October | C34: monterrey | D34: =PROPER(TRIM(C34)) -> Monterrey | E34: Tablet-Mini-32GB | F34: =IFERROR(__xludf.DUMMYFUNCTION("SPLIT(E34, ""-"")"),"Tablet") -> Tablet | G34: =IFERROR(__xludf.DUMMYFUNCTION("""COMPUTED_VALUE"""),"Mini") -> Mini | H34: =IFERROR(__xludf.DUMMYFUNCTION("""COMPUTED_VALUE"""),"32GB") -> 32GB | I34: 2288.18 | J34: 1 | K34: 2288.18 | L34: Itzel Puente Téllez | M34: emontalvo@angulo.info | N34: e1d56019-1e10-4a1a-9dff-bff7048987d6
A35: 45576 | B35: =TEXT(A35,"mmmm") -> October | C35: monterrey | D35: =PROPER(TRIM(C35)) -> Monterrey | E35: Auriculares-Con cable-16GB | F35: =IFERROR(__xludf.DUMMYFUNCTION("SPLIT(E35, ""-"")"),"Auriculares") -> Auriculares | G35: =IFERROR(__xludf.DUMMYFUNCTION("""COMPUTED_VALUE"""),"Con cable") -> Con cable | H35: =IFERROR(__xludf.DUMMYFUNCTION("""COMPUTED_VALUE"""),"16GB") -> 16GB | I35: 1699.32 | J35: 4 | K35: 6797.28 | L35: Daniela Uribe | M35: qcolon@laureano-solorzano.net | N35: a1278508-c2d2-4e1a-9ab3-cd5dcc25c9cf
A36: 45576 | B36: =TEXT(A36,"mmmm") -> October | C36: CALI | D36: =PROPER(TRIM(C36)) -> Cali | E36: Tablet-Mini-32GB | F36: =IFERROR(__xludf.DUMMYFUNCTION("SPLIT(E36, ""-"")"),"Tablet") -> Tablet | G36: =IFERROR(__xludf.DUMMYFUNCTION("""COMPUTED_VALUE"""),"Mini") -> Mini | H36: =IFERROR(__xludf.DUMMYFUNCTION("""COMPUTED_VALUE"""),"32GB") -> 32GB | I36: 1578.34 | J36: 3 | K36: 4735.02 | L36: Gustavo Berta Aragon | M36: del-riojuan@velasco.com | N36: afc92f17-61fe-4e4e-84c2-09515ccc8e07
A37: 45577 | B37: =TEXT(A37,"mmmm") -> October | C37: bogotá | D37: =PROPER(TRIM(C37)) -> Bogotá | E37: Teléfono-Gama alta-16GB | F37: =IFERROR(__xludf.DUMMYFUNCTION("SPLIT(E37, ""-"")"),"Teléfono") -> Teléfono | G37: =IFERROR(__xludf.DUMMYFUNCTION("""COMPUTED_VALUE"""),"Gama alta") -> Gama alta | H37: =IFERROR(__xludf.DUMMYFUNCTION("""COMPUTED_VALUE"""),"16GB ") -> 16GB | I37: 1445.1 | J37: 4 | K37: 5780.4 | L37: Lorenzo Wendolin Méndez Gollum | M37: ffuentes@ochoa-molina.com | N37: 116022d7-56fc-4596-aeba-30c58ab21dbf
A38: 45577 | B38: =TEXT(A38,"mmmm") -> October | C38: Guadalajara | D38: =PROPER(TRIM(C38)) -> Guadalajara | E38: Auriculares-Bluetooth-4GB | F38: =IFERROR(__xludf.DUMMYFUNCTION("SPLIT(E38, ""-"")"),"Auriculares") -> Auriculares | G38: =IFERROR(__xludf.DUMMYFUNCTION("""COMPUTED_VALUE"""),"Bluetooth") -> Bluetooth | H38: =IFERROR(__xludf.DUMMYFUNCTION("""COMPUTED_VALUE"""),"4GB") -> 4GB | I38: 1065.52 | J38: 2 | K38: 2131.04 | L38: Serafín Samuel Tamayo Baez | M38: bruno78@vega.org | N38: c196a64f-ac47-4c79-b416-d0807432cfa3
A39: 45577 | B39: =TEXT(A39,"mmmm") -> October | C39: Ciudad de Mexico | D39: =PROPER(TRIM(C39)) -> Ciudad De Mexico | E39: Laptop-Gaming-8GB | F39: =IFERROR(__xludf.DUMMYFUNCTION("SPLIT(E39, ""-"")"),"Laptop") -> Laptop | G39: =IFERROR(__xludf.DUMMYFUNCTION("""COMPUTED_VALUE"""),"Gaming") -> Gaming | H39: =IFERROR(__xludf.DUMMYFUNCTION("""COMPUTED_VALUE"""),"8GB") -> 8GB | I39: 2095.66 | J39: 5 | K39: 10478.3 | L39: Irene Domínguez | M39: estherpedroza@rojas-moya.info | N39: 2ad918fa-d68e-42ea-926c-414454fd8220
A40: 45577 | B40: =TEXT(A40,"mmmm") -> October | C40: Guadalajara | D40: =PROPER(TRIM(C40)) -> Guadalajara | E40: Tablet-Estándar-16GB | F40: =IFERROR(__xludf.DUMMYFUNCTION("SPLIT(E40, ""-"")"),"Tablet") -> Tablet | G40: =IFERROR(__xludf.DUMMYFUNCTION("""COMPUTED_VALUE"""),"Estándar") -> Estándar | H40: =IFERROR(__xludf.DUMMYFUNCTION("""COMPUTED_VALUE"""),"16GB") -> 16GB | I40: 2215.63 | J40: 3 | K40: 6646.89 | L40: María Cristina Valdivia Mondragon | M40: porfirio68@corporacin.biz | N40: 9fc06fba-9376-4e96-97f1-0aeca2f00a87
A41: 45577 | B41: =TEXT(A41,"mmmm") -> October | C41: bogotá | D41: =PROPER(TRIM(C41)) -> Bogotá | E41: Tablet-Estándar-4GB | F41: =IFERROR(__xludf.DUMMYFUNCTION("SPLIT(E41, ""-"")"),"Tablet") -> Tablet | G41: =IFERROR(__xludf.DUMMYFUNCTION("""COMPUTED_VALUE"""),"Estándar") -> Estándar | H41: =IFERROR(__xludf.DUMMYFUNCTION("""COMPUTED_VALUE"""),"4GB") -> 4GB | I41: 2395.85 | J41: 4 | K41: 9583.4 | L41: Diego Fernandez | M41: sessa76@casarez.com | N41: d1068262-a372-42f4-b5e9-48fa9a84b933
A42: 45577 | B42: =TEXT(A42,"mmmm") -> October | C42: Guadalajara | D42: =PROPER(TRIM(C42)) -> Guadalajara | E42: Laptop-Oficina-32GB | F42: =IFERROR(__xludf.DUMMYFUNCTION("SPLIT(E42, ""-"")"),"Laptop") -> Laptop | G42: =IFERROR(__xludf.DUMMYFUNCTION("""COMPUTED_VALUE"""),"Oficina") -> Oficina | H42: =IFERROR(__xludf.DUMMYFUNCTION("""COMPUTED_VALUE"""),"32GB") -> 32GB | I42: 883.61 | J42: 2 | K42: 1767.22 | L42: Dolores Jesús Quiñonez Lebron | M42: nicolas17@gmail.com | N42: 5c299656-4419-4c69-bdd2-2dc9b8af337b
A43: 45577 | B43: =TEXT(A43,"mmmm") -> October | C43: CALI | D43: =PROPER(TRIM(C43)) -> Cali | E43: Auriculares-Bluetooth-32GB | F43: =IFERROR(__xludf.DUMMYFUNCTION("SPLIT(E43, ""-"")"),"Auriculares") -> Auriculares | G43: =IFERROR(__xludf.DUMMYFUNCTION("""COMPUTED_VALUE"""),"Bluetooth") -> Bluetooth | H43: =IFERROR(__xludf.DUMMYFUNCTION("""COMPUTED_VALUE"""),"32GB") -> 32GB | I43: 1277.75 | J43: 1 | K43: 1277.75 | L43: Karina Jeronimo Pérez Mojica | M43: mauro20@urrutia.net | N43: 581770ae-84a5-4fc3-ba77-826c11cb3e70
A44: 45577 | B44: =TEXT(A44,"mmmm") -> October | C44: Guadalajara | D44: =PROPER(TRIM(C44)) -> Guadalajara | E44: Teléfono-Gama baja-4GB | F44: =IFERROR(__xludf.DUMMYFUNCTION("SPLIT(E44, ""-"")"),"Teléfono") -> Teléfono | G44: =IFERROR(__xludf.DUMMYFUNCTION("""COMPUTED_VALUE"""),"Gama baja") -> Gama baja | H44: =IFERROR(__xludf.DUMMYFUNCTION("""COMPUTED_VALUE"""),"4GB") -> 4GB | I44: 2182.77 | J44: 3 | K44: 6548.31 | L44: Octavio Isabela Barraza | M44: irobles@gmail.com | N44: bb32f0ba-b764-401c-a691-3d59b0136679
A45: 45577 | B45: =TEXT(A45,"mmmm") -> October | C45: bogotá | D45: =PROPER(TRIM(C45)) -> Bogotá | E45: Auriculares-Bluetooth-4GB | F45: =IFERROR(__xludf.DUMMYFUNCTION("SPLIT(E45, ""-"")"),"Auriculares") -> Auriculares | G45: =IFERROR(__xludf.DUMMYFUNCTION("""COMPUTED_VALUE"""),"Bluetooth") -> Bluetooth | H45: =IFERROR(__xludf.DUMMYFUNCTION("""COMPUTED_VALUE"""),"4GB") -> 4GB | I45: 1163.04 | J45: 1 | K45: 1163.04 | L45: Mariano Fuentes Esquibel | M45: juana28@hotmail.com | N45: 538c9408-8b8b-4785-b9f9-cd2657097173
A46: 45578 | B46: =TEXT(A46,"mmmm") -> October | C46: monterrey | D46: =PROPER(TRIM(C46)) -> Monterrey | E46: Tablet-Mini-8GB | F46: =IFERROR(__xludf.DUMMYFUNCTION("SPLIT(E46, ""-"")"),"Tablet") -> Tablet | G46: =IFERROR(__xludf.DUMMYFUNCTION("""COMPUTED_VALUE"""),"Mini") -> Mini | H46: =IFERROR(__xludf.DUMMYFUNCTION("""COMPUTED_VALUE"""),"8GB") -> 8GB | I46: 1664.18 | J46: 3 | K46: 4992.54 | L46: Asuncion Samaniego | M46: arellanoalfredo@gmail.com | N46: 4e9e641c-a0d6-4903-8f6e-f87d90c24aa0
A47: 45578 | B47: =TEXT(A47,"mmmm") -> October | C47: CALI | D47: =PROPER(TRIM(C47)) -> Cali | E47: Tablet-Mini-4GB | F47: =IFERROR(__xludf.DUMMYFUNCTION("SPLIT(E47, ""-"")"),"Tablet") -> Tablet | G47: =IFERROR(__xludf.DUMMYFUNCTION("""COMPUTED_VALUE"""),"Mini") -> Mini | H47: =IFERROR(__xludf.DUMMYFUNCTION("""COMPUTED_VALUE"""),"4GB") -> 4GB | I47: 992.68 | J47: 5 | K47: 4963.4 | L47: Marcela Paez | M47: gabrieljaime@club.com | N47: e98e23f8-e415-4062-bdbb-4e90ecd252c4
A48: 45578 | B48: =TEXT(A48,"mmmm") -> October | C48: Guadalajara | D48: =PROPER(TRIM(C48)) -> Guadalajara | E48: Auriculares-Cancelaci√≥n de ruido-16GB | F48: =IFERROR(__xludf.DUMMYFUNCTION("SPLIT(E48, ""-"")"),"Auriculares") -> Auriculares | G48: =IFERROR(__xludf.DUMMYFUNCTION("""COMPUTED_VALUE"""),"Cancelaci√≥n de ruido") -> Cancelaci√≥n de ruido | H48: =IFERROR(__xludf.DUMMYFUNCTION("""COMPUTED_VALUE"""),"16GB") -> 16GB | I48: 284.79 | J48: 5 | K48: 1423.95 | L48: Alta Gracia Alicia Guzman | M48: rosasgabriela@gmail.com | N48: 88268205-0f39-4e9a-9353-1a9ee68c009c
A49: 45578 | B49: =TEXT(A49,"mmmm") -> October | C49: monterrey | D49: =PROPER(TRIM(C49)) -> Monterrey | E49: Laptop-Ultraliviana-16GB | F49: =IFERROR(__xludf.DUMMYFUNCTION("SPLIT(E49, ""-"")"),"Laptop") -> Laptop | G49: =IFERROR(__xludf.DUMMYFUNCTION("""COMPUTED_VALUE"""),"Ultraliviana") -> Ultraliviana | H49: =IFERROR(__xludf.DUMMYFUNCTION("""COMPUTED_VALUE"""),"16GB") -> 16GB | I49: =K49/J49 -> 362.17 | J49: 3 | K49: 1086.51 | L49: Rodrigo Vanegas Serna | M49: vicentezelaya@valdez.com | N49: 426433ea-0410-4d24-b435-247c7b633415
A50: 45578 | B50: =TEXT(A50,"mmmm") -> October | C50: Guadalajara | D50: =PROPER(TRIM(C50)) -> Guadalajara | E50: Laptop-Oficina-8GB | F50: =IFERROR(__xludf.DUMMYFUNCTION("SPLIT(E50, ""-"")"),"Laptop") -> Laptop | G50: =IFERROR(__xludf.DUMMYFUNCTION("""COMPUTED_VALUE"""),"Oficina") -> Oficina | H50: =IFERROR(__xludf.DUMMYFUNCTION("""COMPUTED_VALUE"""),"8GB") -> 8GB | I50: 1274.8 | J50: 5 | K50: 6374 | L50: Luis Camila Guardado | M50: deborallamas@hotmail.com | N50: dca19bf4-3f5f-484c-bfdb-75c9ded28858
A51: 45578 | B51: =TEXT(A51,"mmmm") -> October | C51: Guadalajara | D51: =PROPER(TRIM(C51)) -> Guadalajara | E51: Tablet-Pro-4GB | F51: =IFERROR(__xludf.DUMMYFUNCTION("SPLIT(E51, ""-"")"),"Tablet") -> Tablet | G51: =IFERROR(__xludf.DUMMYFUNCTION("""COMPUTED_VALUE"""),"Pro") -> Pro | H51: =IFERROR(__xludf.DUMMYFUNCTION("""COMPUTED_VALUE"""),"4GB") -> 4GB | I51: 233.85 | J51: 4 | K51: 935.4 | L51: Mtro. Rafaél Najera | M51: fernando51@yahoo.com | N51: 7594ffab-c88c-40b4-b851-6897e6230fb0
A52: 45578 | B52: =TEXT(A52,"mmmm") -> October | C52: Ciudad de Mexico | D52: =PROPER(TRIM(C52)) -> Ciudad De Mexico | E52: Auriculares-Con cable-32GB | F52: =IFERROR(__xludf.DUMMYFUNCTION("SPLIT(E52, ""-"")"),"Auriculares") -> Auriculares | G52: =IFERROR(__xludf.DUMMYFUNCTION("""COMPUTED_VALUE"""),"Con cable") -> Con cable | H52: =IFERROR(__xludf.DUMMYFUNCTION("""COMPUTED_VALUE"""),"32GB") -> 32GB | I52: 142.14 | J52: 3 | K52: 426.42 | L52: Clemente Lucas de la Crúz Florez | M52: miriam03@laboratorios.com | N52: 306238f0-70d8-49c3-bc3f-5c9df03698bf
A53: 45578 | B53: =TEXT(A53,"mmmm") -> October | C53: Medellín | D53: =PROPER(TRIM(C53)) -> Medellín | E53: Teléfono-Gama alta-8GB | F53: =IFERROR(__xludf.DUMMYFUNCTION("SPLIT(E53, ""-"")"),"Teléfono") -> Teléfono | G53: =IFERROR(__xludf.DUMMYFUNCTION("""COMPUTED_VALUE"""),"Gama alta") -> Gama alta | H53: =IFERROR(__xludf.DUMMYFUNCTION("""COMPUTED_VALUE"""),"8GB") -> 8GB | I53: 226.52 | J53: 2 | K53: 453.04 | L53: Ing. Cecilia Gurule | M53: pulidoindira@industrias.org | N53: 13857721-e31a-444e-a2c2-774566eb5f26
A54: 45578 | B54: =TEXT(A54,"mmmm") -> October | C54: Ciudad de Mexico | D54: =PROPER(TRIM(C54)) -> Ciudad De Mexico | E54: Tablet-Mini-32GB | F54: =IFERROR(__xludf.DUMMYFUNCTION("SPLIT(E54, ""-"")"),"Tablet") -> Tablet | G54: =IFERROR(__xludf.DUMMYFUNCTION("""COMPUTED_VALUE"""),"Mini") -> Mini | H54: =IFERROR(__xludf.DUMMYFUNCTION("""COMPUTED_VALUE"""),"32GB") -> 32GB | I54: 1922.79 | J54: 3 | K54: 5768.37 | L54: Elias Juan Carlos Estévez Cepeda | M54: virginiameraz@yahoo.com | N54: a2d32009-f750-4260-8311-8300bd425ff8
A55: 45578 | B55: =TEXT(A55,"mmmm") -> October | C55: bogotá | D55: =PROPER(TRIM(C55)) -> Bogotá | E55: Tablet-Pro-8GB | F55: =IFERROR(__xludf.DUMMYFUNCTION("SPLIT(E55, ""-"")"),"Tablet") -> Tablet | G55: =IFERROR(__xludf.DUMMYFUNCTION("""COMPUTED_VALUE"""),"Pro") -> Pro | H55: =IFERROR(__xludf.DUMMYFUNCTION("""COMPUTED_VALUE"""),"8GB") -> 8GB | I55: =K55/J55 -> 2214.98 | J55: 2 | K55: 4429.96 | L55: Alta Gracia Marrero Ocasio | M55: leonardorosas@laboratorios.com | N55: fad038ce-1b32-4c25-85bc-38c2262677ee
A56: 45579 | B56: =TEXT(A56,"mmmm") -> October | C56: bogotá | D56: =PROPER(TRIM(C56)) -> Bogotá | E56: Laptop-Ultraliviana-16GB | F56: =IFERROR(__xludf.DUMMYFUNCTION("SPLIT(E56, ""-"")"),"Laptop") -> Laptop | G56: =IFERROR(__xludf.DUMMYFUNCTION("""COMPUTED_VALUE"""),"Ultraliviana") -> Ultraliviana | H56: =IFERROR(__xludf.DUMMYFUNCTION("""COMPUTED_VALUE"""),"16GB") -> 16GB | I56: 120.94 | J56: 3 | K56: =I56*J56 -> 362.82 | L56: Esmeralda Bañuelos | M56: gdel-rio@proyectos.biz | N56: 4a70ae74-59ef-4f8f-98ee-d8fff858e22d
A57: 45579 | B57: =TEXT(A57,"mmmm") -> October | C57: Medellín | D57: =PROPER(TRIM(C57)) -> Medellín | E57: Tablet-Mini-8GB | F57: =IFERROR(__xludf.DUMMYFUNCTION("SPLIT(E57, ""-"")"),"Tablet") -> Tablet | G57: =IFERROR(__xludf.DUMMYFUNCTION("""COMPUTED_VALUE"""),"Mini") -> Mini | H57: =IFERROR(__xludf.DUMMYFUNCTION("""COMPUTED_VALUE"""),"8GB") -> 8GB | I57: 1950.45 | J57: 4 | K57: 7801.8 | L57: Angélica Bueno Olvera | M57: bernabe37@despacho.com | N57: 9ffc235a-1e2b-44c3-80ec-61b7a7d4cbc5
A58: 45579 | B58: =TEXT(A58,"mmmm") -> October | C58: bogotá | D58: =PROPER(TRIM(C58)) -> Bogotá | E58: Teléfono-Gama media-4GB | F58: =IFERROR(__xludf.DUMMYFUNCTION("SPLIT(E58, ""-"")"),"Teléfono") -> Teléfono | G58: =IFERROR(__xludf.DUMMYFUNCTION("""COMPUTED_VALUE"""),"Gama media") -> Gama media | H58: =IFERROR(__xludf.DUMMYFUNCTION("""COMPUTED_VALUE"""),"4GB") -> 4GB | I58: 2092.55 | J58: 5 | K58: 10462.75 | L58: Roberto Casarez Lozada | M58: granadosaraceli@proyectos.net | N58: 890c4fe3-a2aa-473b-a2ff-9c2704d3ac14
A59: 45579 | B59: =TEXT(A59,"mmmm") -> October | C59: Medellín | D59: =PROPER(TRIM(C59)) -> Medellín | E59: Tablet-Estándar-8GB | F59: =IFERROR(__xludf.DUMMYFUNCTION("SPLIT(E59, ""-"")"),"Tablet") -> Tablet | G59: =IFERROR(__xludf.DUMMYFUNCTION("""COMPUTED_VALUE"""),"Estándar") -> Estándar | H59: =IFERROR(__xludf.DUMMYFUNCTION("""COMPUTED_VALUE"""),"8GB") -> 8GB | I59: 214.72 | J59: 3 | K59: 644.16 | L59: Dr. Pedro Zapata | M59: ursulamenchaca@hotmail.com | N59: 7413d048-5e1b-4043-9969-89781ce744b0
A60: 45579 | B60: =TEXT(A60,"mmmm") -> October | C60: Guadalajara | D60: =PROPER(TRIM(C60)) -> Guadalajara | E60: Laptop-Gaming-16GB | F60: =IFERROR(__xludf.DUMMYFUNCTION("SPLIT(E60, ""-"")"),"Laptop") -> Laptop | G60: =IFERROR(__xludf.DUMMYFUNCTION("""COMPUTED_VALUE"""),"Gaming") -> Gaming | H60: =IFERROR(__xludf.DUMMYFUNCTION("""COMPUTED_VALUE"""),"16GB") -> 16GB | I60: 1291.39 | J60: 3 | K60: 3874.17 | L60: Mtro. Salma de la Garza | M60: ana-luisa49@otero.org | N60: 40b3bbac-c623-4647-a606-b5af9a39c69f
A61: 45579 | B61: =TEXT(A61,"mmmm") -> October | C61: Ciudad de Mexico | D61: =PROPER(TRIM(C61)) -> Ciudad De Mexico | E61: Laptop-Oficina-4GB | F61: =IFERROR(__xludf.DUMMYFUNCTION("SPLIT(E61, ""-"")"),"Laptop") -> Laptop | G61: =IFERROR(__xludf.DUMMYFUNCTION("""COMPUTED_VALUE"""),"Oficina") -> Oficina | H61: =IFERROR(__xludf.DUMMYFUNCTION("""COMPUTED_VALUE"""),"4GB") -> 4GB | I61: 970.38 | J61: 5 | K61: 4851.9 | L61: Tania Soto Nieves | M61: jeronimovigil@hotmail.com | N61: af87cfff-afb0-4f85-888d-e5db29ae4766
A62: 45579 | B62: =TEXT(A62,"mmmm") -> October | C62: CALI | D62: =PROPER(TRIM(C62)) -> Cali | E62: Tablet-Mini-16GB | F62: =IFERROR(__xludf.DUMMYFUNCTION("SPLIT(E62, ""-"")"),"Tablet") -> Tablet | G62: =IFERROR(__xludf.DUMMYFUNCTION("""COMPUTED_VALUE"""),"Mini") -> Mini | H62: =IFERROR(__xludf.DUMMYFUNCTION("""COMPUTED_VALUE"""),"16GB") -> 16GB | I62: 2101.48 | J62: 2 | K62: 4202.96 | L62: Leticia Luevano Mayorga | M62: orascon@corporacin.com | N62: f0548b33-86eb-4b3f-a1f4-cef9f9f11955
A63: 45579 | B63: =TEXT(A63,"mmmm") -> October | C63: bogotá | D63: =PROPER(TRIM(C63)) -> Bogotá | E63: Laptop-Ultraliviana-4GB | F63: =IFERROR(__xludf.DUMMYFUNCTION("SPLIT(E63, ""-"")"),"Laptop") -> Laptop | G63: =IFERROR(__xludf.DUMMYFUNCTION("""COMPUTED_VALUE"""),"Ultraliviana") -> Ultraliviana | H63: =IFERROR(__xludf.DUMMYFUNCTION("""COMPUTED_VALUE"""),"4GB") -> 4GB | I63: 302.84 | J63: 3 | K63: 908.52 | L63: Lic. Leonel Orosco | M63: dponce@verdugo.info | N63: 972dd545-20a8-49a2-be8a-93f570eba58b
A64: 45579 | B64: =TEXT(A64,"mmmm") -> October | C64: monterrey | D64: =PROPER(TRIM(C64)) -> Monterrey | E64: Auriculares-Con cable-32GB | F64: =IFERROR(__xludf.DUMMYFUNCTION("SPLIT(E64, ""-"")"),"Auriculares") -> Auriculares | G64: =IFERROR(__xludf.DUMMYFUNCTION("""COMPUTED_VALUE"""),"Con cable") -> Con cable | H64: =IFERROR(__xludf.DUMMYFUNCTION("""COMPUTED_VALUE"""),"32GB") -> 32GB | I64: 1421.57 | J64: 4 | K64: 5686.28 | L64: Hernan Anguiano | M64: adriana27@hotmail.com | N64: 6b47665a-5972-4a11-a9e7-d42e56cf42a4
A65: 45579 | B65: =TEXT(A65,"mmmm") -> October | C65: monterrey | D65: =PROPER(TRIM(C65)) -> Monterrey | E65: Tablet-Mini-8GB | F65: =IFERROR(__xludf.DUMMYFUNCTION("SPLIT(E65, ""-"")"),"Tablet") -> Tablet | G65: =IFERROR(__xludf.DUMMYFUNCTION("""COMPUTED_VALUE"""),"Mini") -> Mini | H65: =IFERROR(__xludf.DUMMYFUNCTION("""COMPUTED_VALUE"""),"8GB") -> 8GB | I65: 1037.64 | J65: 3 | K65: 3112.92 | L65: Dr. Yolanda Miranda | M65: oswaldo20@proyectos.net | N65: 8e55023b-2774-4015-86a2-780e882c0d87
A66: 45579 | B66: =TEXT(A66,"mmmm") -> October | C66: monterrey | D66: =PROPER(TRIM(C66)) -> Monterrey | E66: Auriculares-Con cable-16GB | F66: =IFERROR(__xludf.DUMMYFUNCTION("SPLIT(E66, ""-"")"),"Auriculares") -> Auriculares | G66: =IFERROR(__xludf.DUMMYFUNCTION("""COMPUTED_VALUE"""),"Con cable") -> Con cable | H66: =IFERROR(__xludf.DUMMYFUNCTION("""COMPUTED_VALUE"""),"16GB") -> 16GB | I66: 579.54 | J66: 3 | K66: 1738.62 | L66: Ing. Judith Ayala | M66: paolavergara@laboratorios.net | N66: 64e8cb7b-f59e-470c-b704-3f79a8f2cc9e
A67: 45579 | B67: =TEXT(A67,"mmmm") -> October | C67: Medellín | D67: =PROPER(TRIM(C67)) -> Medellín | E67: Tablet-Mini-4GB | F67: =IFERROR(__xludf.DUMMYFUNCTION("SPLIT(E67, ""-"")"),"Tablet") -> Tablet | G67: =IFERROR(__xludf.DUMMYFUNCTION("""COMPUTED_VALUE"""),"Mini") -> Mini | H67: =IFERROR(__xludf.DUMMYFUNCTION("""COMPUTED_VALUE"""),"4GB") -> 4GB | I67: 796.49 | J67: 3 | K67: 2389.47 | L67: Carmen Rufino Téllez Benavides | M67: leonortoledo@solorzano.com | N67: dac843fc-5bc0-475f-a01e-8c48a965a9c2
A68: 45579 | B68: =TEXT(A68,"mmmm") -> October | C68: bogotá | D68: =PROPER(TRIM(C68)) -> Bogotá | E68: Teléfono-Gama media-8GB | F68: =IFERROR(__xludf.DUMMYFUNCTION("SPLIT(E68, ""-"")"),"Teléfono") -> Teléfono | G68: =IFERROR(__xludf.DUMMYFUNCTION("""COMPUTED_VALUE"""),"Gama media") -> Gama media | H68: =IFERROR(__xludf.DUMMYFUNCTION("""COMPUTED_VALUE"""),"8GB") -> 8GB | I68: 1838.04 | J68: 4 | K68: 7352.16 | L68: Wendolin Fonseca | M68: linda23@gmail.com | N68: fc8a05ee-e84e-44f7-96be-898033a352b4
A69: 45580 | B69: =TEXT(A69,"mmmm") -> October | C69: bogotá | D69: =PROPER(TRIM(C69)) -> Bogotá | E69: Auriculares-Bluetooth-8GB | F69: =IFERROR(__xludf.DUMMYFUNCTION("SPLIT(E69, ""-"")"),"Auriculares") -> Auriculares | G69: =IFERROR(__xludf.DUMMYFUNCTION("""COMPUTED_VALUE"""),"Bluetooth") -> Bluetooth | H69: =IFERROR(__xludf.DUMMYFUNCTION("""COMPUTED_VALUE"""),"8GB") -> 8GB | I69: 1090.69 | J69: 1 | K69: 1090.69 | L69: Mariano Leticia Palomino | M69: brunoflorez@hotmail.com | N69: c1103728-e36d-48da-ba95-42c7fc1ccca5
A70: 45580 | B70: =TEXT(A70,"mmmm") -> October | C70: monterrey | D70: =PROPER(TRIM(C70)) -> Monterrey | E70: Auriculares-Cancelación de ruido-8GB | F70: =IFERROR(__xludf.DUMMYFUNCTION("SPLIT(E70, ""-"")"),"Auriculares") -> Auriculares | G70: =IFERROR(__xludf.DUMMYFUNCTION("""COMPUTED_VALUE"""),"Cancelación de ruido") -> Cancelación de ruido | H70: =IFERROR(__xludf.DUMMYFUNCTION("""COMPUTED_VALUE"""),"8GB") -> 8GB | I70: 882.55 | J70: 5 | K70: 4412.75 | L70: Veronica Wendolin Teran | M70: felipe81@espino.info | N70: 6a83774a-e4f8-4c9b-ae75-2c985e801156
A71: 45580 | B71: =TEXT(A71,"mmmm") -> October | C71: Ciudad de Mexico | D71: =PROPER(TRIM(C71)) -> Ciudad De Mexico | E71: Tablet-Pro-4GB | F71: =IFERROR(__xludf.DUMMYFUNCTION("SPLIT(E71, ""-"")"),"Tablet") -> Tablet | G71: =IFERROR(__xludf.DUMMYFUNCTION("""COMPUTED_VALUE"""),"Pro") -> Pro | H71: =IFERROR(__xludf.DUMMYFUNCTION("""COMPUTED_VALUE"""),"4GB") -> 4GB | I71: 1909.2 | J71: 3 | K71: 5727.6 | L71: Sandra Marisol Vergara | M71: casarezminerva@yahoo.com | N71: 03d8d67d-53e4-43e8-bd00-72801ff4e987
A72: 45580 | B72: =TEXT(A72,"mmmm") -> October | C72: Ciudad de Mexico | D72: =PROPER(TRIM(C72)) -> Ciudad De Mexico | E72: Tablet-Estándar-32GB | F72: =IFERROR(__xludf.DUMMYFUNCTION("SPLIT(E72, ""-"")"),"Tablet") -> Tablet | G72: =IFERROR(__xludf.DUMMYFUNCTION("""COMPUTED_VALUE"""),"Estándar") -> Estándar | H72: =IFERROR(__xludf.DUMMYFUNCTION("""COMPUTED_VALUE"""),"32GB") -> 32GB | I72: 2381.87 | J72: 1 | K72: 2381.87 | L72: Sr(a). Julio César Collazo | M72: angel71@rincon-perea.com | N72: be245970-0c63-4d78-ae9d-e25f66cad9cf
A73: 45580 | B73: =TEXT(A73,"mmmm") -> October | C73: Medellín | D73: =PROPER(TRIM(C73)) -> Medellín | E73: Tablet-Mini-4GB | F73: =IFERROR(__xludf.DUMMYFUNCTION("SPLIT(E73, ""-"")"),"Tablet") -> Tablet | G73: =IFERROR(__xludf.DUMMYFUNCTION("""COMPUTED_VALUE"""),"Mini") -> Mini | H73: =IFERROR(__xludf.DUMMYFUNCTION("""COMPUTED_VALUE"""),"4GB") -> 4GB | I73: 68 | J73: 3 | K73: 204 | L73: Mariana Jeronimo Partida Tejeda | M73: cristobal02@frias-mojica.biz | N73: 50843e6d-c79e-434b-87b9-c3050b4bcc8f
A74: 45580 | B74: =TEXT(A74,"mmmm") -> October | C74: CALI | D74: =PROPER(TRIM(C74)) -> Cali | E74: Teléfono-Gama baja-32GB | F74: =IFERROR(__xludf.DUMMYFUNCTION("SPLIT(E74, ""-"")"),"Teléfono") -> Teléfono | G74: =IFERROR(__xludf.DUMMYFUNCTION("""COMPUTED_VALUE"""),"Gama baja") -> Gama baja | H74: =IFERROR(__xludf.DUMMYFUNCTION("""COMPUTED_VALUE"""),"32GB") -> 32GB | I74: 571.73 | J74: 4 | K74: 2286.92 | L74: Alma Galvan | M74: magdalena44@industrias.com | N74: bddbebd3-8d7c-4f54-b99a-707a32de78d9
A75: 45580 | B75: =TEXT(A75,"mmmm") -> October | C75: bogotá | D75: =PROPER(TRIM(C75)) -> Bogotá | E75: Auriculares-Con cable-32GB | F75: =IFERROR(__xludf.DUMMYFUNCTION("SPLIT(E75, ""-"")"),"Auriculares") -> Auriculares | G75: =IFERROR(__xludf.DUMMYFUNCTION("""COMPUTED_VALUE"""),"Con cable") -> Con cable | H75: =IFERROR(__xludf.DUMMYFUNCTION("""COMPUTED_VALUE"""),"32GB") -> 32GB | I75: 2009.75 | J75: 2 | K75: 4019.5 | L75: Lic. Santiago Montenegro | M75: onavarro@proyectos.com | N75: a65e1da8-d4c4-4925-b15a-eefb65f84daa
A76: 45580 | B76: =TEXT(A76,"mmmm") -> October | C76: Guadalajara | D76: =PROPER(TRIM(C76)) -> Guadalajara | E76: Auriculares-Bluetooth-16GB | F76: =IFERROR(__xludf.DUMMYFUNCTION("SPLIT(E76, ""-"")"),"Auriculares") -> Auriculares | G76: =IFERROR(__xludf.DUMMYFUNCTION("""COMPUTED_VALUE"""),"Bluetooth") -> Bluetooth | H76: =IFERROR(__xludf.DUMMYFUNCTION("""COMPUTED_VALUE"""),"16GB") -> 16GB | I76: 2289.42 | J76: 4 | K76: 9157.68 | L76: Jorge Sepúlveda | M76: uferrer@gmail.com | N76: 44eb6606-bfe9-426e-8e4f-c7683d27a64a
A77: 45580 | B77: =TEXT(A77,"mmmm") -> October | C77: monterrey | D77: =PROPER(TRIM(C77)) -> Monterrey | E77: Tablet-Pro-16GB | F77: =IFERROR(__xludf.DUMMYFUNCTION("SPLIT(E77, ""-"")"),"Tablet") -> Tablet | G77: =IFERROR(__xludf.DUMMYFUNCTION("""COMPUTED_VALUE"""),"Pro") -> Pro | H77: =IFERROR(__xludf.DUMMYFUNCTION("""COMPUTED_VALUE"""),"16GB") -> 16GB | I77: 1414.97 | J77: 1 | K77: 1414.97 | L77: Fernando Almanza Duran | M77: valmonte@gmail.com | N77: b033c422-b86e-4729-a448-c047ea02bb69
A78: 45580 | B78: =TEXT(A78,"mmmm") -> October | C78: CALI | D78: =PROPER(TRIM(C78)) -> Cali | E78: Laptop-Ultraliviana-16GB | F78: =IFERROR(__xludf.DUMMYFUNCTION("SPLIT(E78, ""-"")"),"Laptop") -> Laptop | G78: =IFERROR(__xludf.DUMMYFUNCTION("""COMPUTED_VALUE"""),"Ultraliviana") -> Ultraliviana | H78: =IFERROR(__xludf.DUMMYFUNCTION("""COMPUTED_VALUE"""),"16GB") -> 16GB | I78: 2332.8 | J78: 1 | K78: 2332.8 | L78: Sr(a). Camilo Partida | M78: alfredocastro@oquendo.com | N78: c2384374-01f4-4848-97cd-a1327649abfe
A79: 45580 | B79: =TEXT(A79,"mmmm") -> October | C79: CALI | D79: =PROPER(TRIM(C79)) -> Cali | E79: Teléfono-Gama media-32GB | F79: =IFERROR(__xludf.DUMMYFUNCTION("SPLIT(E79, ""-"")"),"Teléfono") -> Teléfono | G79: =IFERROR(__xludf.DUMMYFUNCTION("""COMPUTED_VALUE"""),"Gama media") -> Gama media | H79: =IFERROR(__xludf.DUMMYFUNCTION("""COMPUTED_VALUE"""),"32GB") -> 32GB | I79: 379.5 | J79: 4 | K79: 1518 | L79: Ing. Ilse Ocasio | M79: abel08@laboratorios.com | N79: 9fa9acba-1ca0-43da-be32-3ee4f9804f9e
A80: 45580 | B80: =TEXT(A80,"mmmm") -> October | C80: monterrey | D80: =PROPER(TRIM(C80)) -> Monterrey | E80: Teléfono-Gama alta-16GB | F80: =IFERROR(__xludf.DUMMYFUNCTION("SPLIT(E80, ""-"")"),"Teléfono") -> Teléfono | G80: =IFERROR(__xludf.DUMMYFUNCTION("""COMPUTED_VALUE"""),"Gama alta") -> Gama alta | H80: =IFERROR(__xludf.DUMMYFUNCTION("""COMPUTED_VALUE"""),"16GB") -> 16GB | I80: 2020.01 | J80: 5 | K80: 10100.05 | L80: José Manuél Indira Ledesma Treviño | M80: raquelyanez@hotmail.com | N80: b17b1651-8264-42dd-ac16-7674416db2f4
A81: 45580 | B81: =TEXT(A81,"mmmm") -> October | C81: monterrey | D81: =PROPER(TRIM(C81)) -> Monterrey | E81: Auriculares-Con cable-32GB | F81: =IFERROR(__xludf.DUMMYFUNCTION("SPLIT(E81, ""-"")"),"Auriculares") -> Auriculares | G81: =IFERROR(__xludf.DUMMYFUNCTION("""COMPUTED_VALUE"""),"Con cable") -> Con cable | H81: =IFERROR(__xludf.DUMMYFUNCTION("""COMPUTED_VALUE"""),"32GB") -> 32GB | I81: 428.56 | J81: 1 | K81: 428.56 | L81: Vanesa José Santana | M81: javierraya@hotmail.com | N81: 165c0023-40a6-48a9-847c-8e2378c194fd
A82: 45580 | B82: =TEXT(A82,"mmmm") -> October | C82: CALI | D82: =PROPER(TRIM(C82)) -> Cali | E82: Tablet-Estándar-16GB | F82: =IFERROR(__xludf.DUMMYFUNCTION("SPLIT(E82, ""-"")"),"Tablet") -> Tablet | G82: =IFERROR(__xludf.DUMMYFUNCTION("""COMPUTED_VALUE"""),"Estándar") -> Estándar | H82: =IFERROR(__xludf.DUMMYFUNCTION("""COMPUTED_VALUE"""),"16GB") -> 16GB | I82: 1966.38 | J82: 5 | K82: 9831.9 | L82: Eloisa Orta | M82: yzedillo@despacho.org | N82: 8f822140-8a36-4160-bf5d-68a254229e14
A83: 45580 | B83: =TEXT(A83,"mmmm") -> October | C83: Medellín | D83: =PROPER(TRIM(C83)) -> Medellín | E83: Laptop-Oficina-8GB | F83: =IFERROR(__xludf.DUMMYFUNCTION("SPLIT(E83, ""-"")"),"Laptop") -> Laptop | G83: =IFERROR(__xludf.DUMMYFUNCTION("""COMPUTED_VALUE"""),"Oficina") -> Oficina | H83: =IFERROR(__xludf.DUMMYFUNCTION("""COMPUTED_VALUE"""),"8GB") -> 8GB | I83: 2242.47 | J83: 4 | K83: 8969.88 | L83: Cristal Andrés Gomez | M83: villarebeca@gmail.com | N83: 70a2c437-9cb0-4e0b-9cd5-ec6294260bb1
A84: 45580 | B84: =TEXT(A84,"mmmm") -> October | C84: Medellín | D84: =PROPER(TRIM(C84)) -> Medellín | E84: Tablet-Estándar-4GB | F84: =IFERROR(__xludf.DUMMYFUNCTION("SPLIT(E84, ""-"")"),"Tablet") -> Tablet | G84: =IFERROR(__xludf.DUMMYFUNCTION("""COMPUTED_VALUE"""),"Estándar") -> Estándar | H84: =IFERROR(__xludf.DUMMYFUNCTION("""COMPUTED_VALUE"""),"4GB") -> 4GB | I84: 1896.1 | J84: 2 | K84: 3792.2 | L84: Elena Ballesteros | M84: de-la-torrelorenzo@yahoo.com | N84: 36cc47e7-ea9e-410e-ab8c-53adeed2d905
A85: 45580 | B85: =TEXT(A85,"mmmm") -> October | C85: bogotá | D85: =PROPER(TRIM(C85)) -> Bogotá | E85: Teléfono-Gama media-4GB | F85: =IFERROR(__xludf.DUMMYFUNCTION("SPLIT(E85, ""-"")"),"Teléfono") -> Teléfono | G85: =IFERROR(__xludf.DUMMYFUNCTION("""COMPUTED_VALUE"""),"Gama media") -> Gama media | H85: =IFERROR(__xludf.DUMMYFUNCTION("""COMPUTED_VALUE"""),"4GB") -> 4GB | I85: 829.53 | J85: 4 | K85: 3318.12 | L85: Rocío Villareal | M85: roqueelsa@gmail.com | N85: 6c3fead4-1fe5-4288-be37-3b39d5d98304
A86: 45580 | B86: =TEXT(A86,"mmmm") -> October | C86: Medellín | D86: =PROPER(TRIM(C86)) -> Medellín | E86: Laptop-Ultraliviana-32GB | F86: =IFERROR(__xludf.DUMMYFUNCTION("SPLIT(E86, ""-"")"),"Laptop") -> Laptop | G86: =IFERROR(__xludf.DUMMYFUNCTION("""COMPUTED_VALUE"""),"Ultraliviana") -> Ultraliviana | H86: =IFERROR(__xludf.DUMMYFUNCTION("""COMPUTED_VALUE"""),"32GB") -> 32GB | I86: 2377.34 | J86: 2 | K86: 4754.68 | L86: Natividad Armenta Espino | M86: vcontreras@yahoo.com | N86: a7a8f827-451d-439f-95ca-6682c5127351
A87: 45581 | B87: =TEXT(A87,"mmmm") -> October | C87: Guadalajara | D87: =PROPER(TRIM(C87)) -> Guadalajara | E87: Teléfono-Gama baja-8GB | F87: =IFERROR(__xludf.DUMMYFUNCTION("SPLIT(E87, ""-"")"),"Teléfono") -> Teléfono | G87: =IFERROR(__xludf.DUMMYFUNCTION("""COMPUTED_VALUE"""),"Gama baja") -> Gama baja | H87: =IFERROR(__xludf.DUMMYFUNCTION("""COMPUTED_VALUE"""),"8GB") -> 8GB | I87: 1614.05 | J87: 1 | K87: 1614.05 | L87: Aurora Esteban Sisneros Centeno | M87: soniapaez@laboratorios.com | N87: 8dcb205e-e032-4baa-a658-7e640f07fe1e
A88: 45581 | B88: =TEXT(A88,"mmmm") -> October | C88: monterrey | D88: =PROPER(TRIM(C88)) -> Monterrey | E88: Tablet-Pro-32GB | F88: =IFERROR(__xludf.DUMMYFUNCTION("SPLIT(E88, ""-"")"),"Tablet") -> Tablet | G88: =IFERROR(__xludf.DUMMYFUNCTION("""COMPUTED_VALUE"""),"Pro") -> Pro | H88: =IFERROR(__xludf.DUMMYFUNCTION("""COMPUTED_VALUE"""),"32GB") -> 32GB | I88: 1805.81 | J88: 3 | K88: 5417.43 | L88: Lic. Abraham Guillen | M88: delgadogabino@hotmail.com | N88: 0a037e7f-e874-4665-a3e4-734c560a30f9
A89: 45581 | B89: =TEXT(A89,"mmmm") -> October | C89: Guadalajara | D89: =PROPER(TRIM(C89)) -> Guadalajara | E89: Tablet-Mini-16GB | F89: =IFERROR(__xludf.DUMMYFUNCTION("SPLIT(E89, ""-"")"),"Tablet") -> Tablet | G89: =IFERROR(__xludf.DUMMYFUNCTION("""COMPUTED_VALUE"""),"Mini") -> Mini | H89: =IFERROR(__xludf.DUMMYFUNCTION("""COMPUTED_VALUE"""),"16GB") -> 16GB | I89: 1112.48 | J89: 2 | K89: 2224.96 | L89: Sr(a). Aurelio Lemus | M89: garaymarco-antonio@gmail.com | N89: 9cba1b15-28fd-439f-af54-d9a1bf7128b0
A90: 45581 | B90: =TEXT(A90,"mmmm") -> October | C90: Guadalajara | D90: =PROPER(TRIM(C90)) -> Guadalajara | E90: Tablet-Pro-16GB | F90: =IFERROR(__xludf.DUMMYFUNCTION("SPLIT(E90, ""-"")"),"Tablet") -> Tablet | G90: =IFERROR(__xludf.DUMMYFUNCTION("""COMPUTED_VALUE"""),"Pro") -> Pro | H90: =IFERROR(__xludf.DUMMYFUNCTION("""COMPUTED_VALUE"""),"16GB") -> 16GB | I90: 2264.15 | J90: 5 | K90: 11320.75 | L90: Abel Emilio Robledo | M90: trevinoisaac@hotmail.com | N90: 1a70ed1b-c3d7-4e03-b54a-3308b332ece5
A91: 45581 | B91: =TEXT(A91,"mmmm") -> October | C91: CALI | D91: =PROPER(TRIM(C91)) -> Cali | E91: Teléfono-Gama baja-16GB | F91: =IFERROR(__xludf.DUMMYFUNCTION("SPLIT(E91, ""-"")"),"Teléfono") -> Teléfono | G91: =IFERROR(__xludf.DUMMYFUNCTION("""COMPUTED_VALUE"""),"Gama baja") -> Gama baja | H91: =IFERROR(__xludf.DUMMYFUNCTION("""COMPUTED_VALUE"""),"16GB") -> 16GB | I91: 833.39 | J91: 1 | K91: 833.39 | L91: Mtro. Estela Villanueva | M91: salma61@gmail.com | N91: 8cbf9f9b-f7d4-44ca-9484-0940e88fe51a
A92: 45581 | B92: =TEXT(A92,"mmmm") -> October | C92: bogotá | D92: =PROPER(TRIM(C92)) -> Bogotá | E92: Teléfono-Gama media-4GB | F92: =IFERROR(__xludf.DUMMYFUNCTION("SPLIT(E92, ""-"")"),"Teléfono") -> Teléfono | G92: =IFERROR(__xludf.DUMMYFUNCTION("""COMPUTED_VALUE"""),"Gama media") -> Gama media | H92: =IFERROR(__xludf.DUMMYFUNCTION("""COMPUTED_VALUE"""),"4GB") -> 4GB | I92: =K92/J92 -> 2341.77 | J92: 5 | K92: 11708.85 | L92: Enrique Crespo Alvarez | M92: pamela41@grupo.com | N92: 6321df0f-9103-4ad4-8571-120df4dd675b
A93: 45581 | B93: =TEXT(A93,"mmmm") -> October | C93: Medellín | D93: =PROPER(TRIM(C93)) -> Medellín | E93: Auriculares-Bluetooth-32GB | F93: =IFERROR(__xludf.DUMMYFUNCTION("SPLIT(E93, ""-"")"),"Auriculares") -> Auriculares | G93: =IFERROR(__xludf.DUMMYFUNCTION("""COMPUTED_VALUE"""),"Bluetooth") -> Bluetooth | H93: =IFERROR(__xludf.DUMMYFUNCTION("""COMPUTED_VALUE"""),"32GB") -> 32GB | I93: 397.5 | J93: 2 | K93: 795 | L93: Víctor Jaramillo | M93: vallejogustavo@despacho.net | N93: cb4fece9-bf8f-4e7d-8218-b9d826729e46
A94: 45581 | B94: =TEXT(A94,"mmmm") -> October | C94: Ciudad de Mexico | D94: =PROPER(TRIM(C94)) -> Ciudad De Mexico | E94: Laptop-Gaming-32GB | F94: =IFERROR(__xludf.DUMMYFUNCTION("SPLIT(E94, ""-"")"),"Laptop") -> Laptop | G94: =IFERROR(__xludf.DUMMYFUNCTION("""COMPUTED_VALUE"""),"Gaming") -> Gaming | H94: =IFERROR(__xludf.DUMMYFUNCTION("""COMPUTED_VALUE"""),"32GB") -> 32GB | I94: 100.75 | J94: 1 | K94: 100.75 | L94: Asuncion Badillo | M94: carlota45@yahoo.com | N94: a279348c-c747-4e18-b056-f066a8c54d22
A95: 45581 | B95: =TEXT(A95,"mmmm") -> October | C95: Ciudad de Mexico | D95: =PROPER(TRIM(C95)) -> Ciudad De Mexico | E95: Teléfono-Gama baja-32GB | F95: =IFERROR(__xludf.DUMMYFUNCTION("SPLIT(E95, ""-"")"),"Teléfono") -> Teléfono | G95: =IFERROR(__xludf.DUMMYFUNCTION("""COMPUTED_VALUE"""),"Gama baja") -> Gama baja | H95: =IFERROR(__xludf.DUMMYFUNCTION("""COMPUTED_VALUE"""),"32GB") -> 32GB | I95: 1268.91 | J95: 2 | K95: 2537.82 | L95: Rosalia Florencia Contreras | M95: olverapamela@yahoo.com | N95: 54ac59d8-1eda-4373-bd55-691a4a1a13f9
A96: 45581 | B96: =TEXT(A96,"mmmm") -> October | C96: Ciudad de Mexico | D96: =PROPER(TRIM(C96)) -> Ciudad De Mexico | E96: Laptop-Ultraliviana-8GB | F96: =IFERROR(__xludf.DUMMYFUNCTION("SPLIT(E96, ""-"")"),"Laptop") -> Laptop | G96: =IFERROR(__xludf.DUMMYFUNCTION("""COMPUTED_VALUE"""),"Ultraliviana") -> Ultraliviana | H96: =IFERROR(__xludf.DUMMYFUNCTION("""COMPUTED_VALUE"""),"8GB") -> 8GB | I96: 903.41 | J96: 3 | K96: 2710.23 | L96: Diego Armando Portillo | M96: rociopalomino@valenzuela.com | N96: 278f1d63-6044-406a-b286-8ed51ce0b45a
A97: 45581 | B97: =TEXT(A97,"mmmm") -> October | C97: Medellín | D97: =PROPER(TRIM(C97)) -> Medellín | E97: Laptop-Ultraliviana-8GB | F97: =IFERROR(__xludf.DUMMYFUNCTION("SPLIT(E97, ""-"")"),"Laptop") -> Laptop | G97: =IFERROR(__xludf.DUMMYFUNCTION("""COMPUTED_VALUE"""),"Ultraliviana") -> Ultraliviana | H97: =IFERROR(__xludf.DUMMYFUNCTION("""COMPUTED_VALUE"""),"8GB") -> 8GB | I97: 259.75 | J97: 4 | K97: 1039 | L97: Dr. Diana Olivas | M97: vmesa@valdes-suarez.com | N97: f2f8a751-e6da-4e2b-b90b-7189fd4833ad
A98: 45582 | B98: =TEXT(A98,"mmmm") -> October | C98: Ciudad de Mexico | D98: =PROPER(TRIM(C98)) -> Ciudad De Mexico | E98: Auriculares-Bluetooth-8GB | F98: =IFERROR(__xludf.DUMMYFUNCTION("SPLIT(E98, ""-"")"),"Auriculares") -> Auriculares | G98: =IFERROR(__xludf.DUMMYFUNCTION("""COMPUTED_VALUE"""),"Bluetooth") -> Bluetooth | H98: =IFERROR(__xludf.DUMMYFUNCTION("""COMPUTED_VALUE"""),"8GB") -> 8GB | I98: 798.65 | J98: 1 | K98: 798.65 | L98: Rufino Lucero Urrutia | M98: ncastaneda@rico.com | N98: f34bc8a2-d539-45c5-a4cb-e23ab3ad1bf9
A99: 45582 | B99: =TEXT(A99,"mmmm") -> October | C99: monterrey | D99: =PROPER(TRIM(C99)) -> Monterrey | E99: Teléfono-Gama media-32GB | F99: =IFERROR(__xludf.DUMMYFUNCTION("SPLIT(E99, ""-"")"),"Teléfono") -> Teléfono | G99: =IFERROR(__xludf.DUMMYFUNCTION("""COMPUTED_VALUE"""),"Gama media") -> Gama media | H99: =IFERROR(__xludf.DUMMYFUNCTION("""COMPUTED_VALUE"""),"32GB") -> 32GB | I99: 1937.4 | J99: 2 | K99: 3874.8 | L99: Fabiola Angélica Bravo | M99: correaestefania@yahoo.com | N99: 76fde716-641c-4ff4-848c-ade7a38970de
A100: 45582 | B100: =TEXT(A100,"mmmm") -> October | C100: Medellín | D100: =PROPER(TRIM(C100)) -> Medellín | E100: Laptop-Oficina-32GB | F100: =IFERROR(__xludf.DUMMYFUNCTION("SPLIT(E100, ""-"")"),"Laptop") -> Laptop | G100: =IFERROR(__xludf.DUMMYFUNCTION("""COMPUTED_VALUE"""),"Oficina") -> Oficina | H100: =IFERROR(__xludf.DUMMYFUNCTION("""COMPUTED_VALUE"""),"32GB") -> 32GB | I100: 1866.74 | J100: 4 | K100: 7466.96 | L100: Lourdes Godoy Niño | M100: prietowendolin@abrego-mares.com | N100: 8cfb7643-588b-4ac4-8843-ef2886b4bbea
...

Sheet Análisis
A1: Métricas | B1: Respuesta
A2: Ventas totales del trimestre | B2: =SUM(Datos_Limpios!K2:K754) -> 2944620.6
A3: Venta promedio por transacción | B3: =AVERAGE(Datos_Limpios!K2:K754) -> 3910.5187
A4: Número total de transacciones | B4: =COUNT(Datos_Limpios!J2:J754) -> 753
A5: Producto más vendido (por cantidad) | B5: Tablet
A6: Ciudad con las mayores ventas totales | B6: Monterrey
A7: Mes con los mejores resultados | B7: Octubre
A8: Precio promedio por categoría de producto | B8: Auriculares = 1256.64 Laptop = 1311.06 Tablet = 1210.01 Teléfono =1200.89

Sheet Visualizaciones
A1: Ciudad | B1: Ventas totales | C1: {={A1:B1; SORT(A2:B1000, 2, FALSE)}} -> Ciudad | D1: Ventas totales | G1: Mes | H1: Ventas totales
A2: {=UNIQUE(Datos_Limpios!D2:D1000)} -> Monterrey | B2: =SUMIF(Datos_Limpios!D:D, A2, Datos_Limpios!K:K) -> 541137.36 | C2: Monterrey | D2: 541137.36 | G2: {=UNIQUE(Datos_Limpios!B2:B1000)} -> October | H2: =SUMIF(Datos_Limpios!B:B, G2, Datos_Limpios!K:K) -> 1006043.7
A3: Bogotá | B3: =SUMIF(Datos_Limpios!D:D, A3, Datos_Limpios!K:K) -> 461010.68 | C3: Ciudad De Mexico | D3: 517689.63 | G3: November | H3: =SUMIF(Datos_Limpios!B:B, G3, Datos_Limpios!K:K) -> 1027372.5
A4: Ciudad De Mexico | B4: =SUMIF(Datos_Limpios!D:D, A4, Datos_Limpios!K:K) -> 517689.63 | C4: Guadalajara | D4: 492790.52 | G4: December | H4: =SUMIF(Datos_Limpios!B:B, G4, Datos_Limpios!K:K) -> 911204.5
A5: Medellín | B5: =SUMIF(Datos_Limpios!D:D, A5, Datos_Limpios!K:K) -> 402243.58 | C5: Cali | D5: 475354.11
A6: Guadalajara | B6: =SUMIF(Datos_Limpios!D:D, A6, Datos_Limpios!K:K) -> 492790.52 | C6: Bogotá | D6: 461010.68
A7: Cali | B7: =SUMIF(Datos_Limpios!D:D, A7, Datos_Limpios!K:K) -> 475354.11 | C7: Medellín | D7: 402243.58
A8: Tulum | B8: =SUMIF(Datos_Limpios!D:D, A8, Datos_Limpios!K:K) -> 54394.73 | C8: Tulum | D8: 54394.73
G29: 📊 Insights clave:
G31: • Ciudad líder: Monterrey
G32: • Mayor venta: Noviembre
G33: • Tendencia: crecimiento y caída en diciembre

Sheet Informe_Ejecutivo
A1: Resumen ejecutivo
A2: Categoría | B2: Respuesta
A3: 1. Limpieza
A4: Cantidad de datos duplicados | B4: No se encontraron filas duplicadas
A5: Cantidad de filas con valor nulo en la columna `Precio unitario` y `Monto total` | B5: Se esncontraron 6 filas en la columnade Monto total vacias las cuales corresponden a las filas: 56, 104, 375, 428, 497 y 511. Y se encontraron 10 filas vacias en la columna de precio unitario las culaes son: 44, 55, 92, 115, 183, 318, 322, 429, 446 y 539
A6: 2. Hallazgos principales
A7: Producto más vendido por cantidad | B7: Tablet
A8: Ciudad con mayor volumen de ventas totales | B8: Monterrey
A9: Precio promedio por categoría de producto | B9: Auriculares = 1256.64 Laptop = 1311.06 Tablet = 1210.01 Teléfono =1200.89
A10: Recomendación | B10: Las ventas se concentran en Monterrey, siendo la ciudad con mayor desempeño durante el trimestre. Se recomienda fortalecer las estrategias comerciales en esta ciudad, como promociones y fidelización de clientes, para maximizar ingresos, mientras se analizan oportunidades de crecimiento en ciudades con menor rendimiento como Tulum. También, Las ventas alcanzan su punto máximo en noviembre y disminuyen en diciembre. Se recomienda reforzar estrategias comerciales al cierre del trimestre para evitar la caída en ventas
A11: 3. Metodología de limpieza
A12: Problemas encontrados en los datos originales. | B12: Durante el proceso de preparación del dataset, se identificaron varios problemas de calidad que dificultaban el análisis adecuado de la información. A continuación, se describen las acciones realizadas: Columna “Fecha de venta”: Los datos se encontraban en un único formato que no facilitaba el análisis temporal. Se transformaron y organizaron para permitir el estudio del comportamiento de las ventas a lo largo del tiempo, incluyendo la creación de una columna adicional de mes. Columna “Ciudad”: Se detectaron inconsistencias en el formato de los nombres, así como espacios innecesarios. Se aplicaron funciones de limpieza para estandarizar los textos (uso de mayúsculas/minúsculas y eliminación de espacios), generando una columna de “Ciudad corregida”. Columna “Producto”: Contenía múltiples atributos en una sola celda, lo que dificultaba su análisis. Se procedió a dividir esta información en columnas independientes (categoría, tipo y especificaciones) para mejorar su usabilidad. Columnas numéricas: Los valores no contaban con un formato adecuado. Se aplicó formato de moneda para facilitar la lectura e interpretación de los datos.
A13: 4. Limitaciones
A14: Información adicional requerida (si aplica) | B14: Tuve que estudiar temas no vistos en el sprint par apoder dar ciertas coluciones como usar datos de una hoja en otra
